source_id,repository,commit,path,blob_sha,role,access,read_state,material_unit_state,semantic_destination
"SB-SRC-0001","ForestTiger-GH/stratbox","8459dc58922b7e8df853cf1d9e8131fa9e132580",".gitignore","ccf4db38c737cab020e696e65c1d9a4c3119af1f","core_auxiliary","public_repository","not_full_read","unaccounted","pending_destination"
"SB-SRC-0002","ForestTiger-GH/stratbox","8459dc58922b7e8df853cf1d9e8131fa9e132580","AGENTS.md","49c00f91560c622514c5faaa1751abe62e9124d6","core_auxiliary","public_repository","governing_read","unaccounted","pending_destination"
"SB-SRC-0003","ForestTiger-GH/stratbox","8459dc58922b7e8df853cf1d9e8131fa9e132580","README.md","5f7c532765052332b93f9eb3145212f1c226ee1f","core_auxiliary","public_repository","governing_read","unaccounted","pending_destination"
"SB-SRC-0004","ForestTiger-GH/stratbox","8459dc58922b7e8df853cf1d9e8131fa9e132580","_mw/AGENTS.md","b3b1819b48a913c94610291bd95c71064c06f7a0","core_auxiliary","public_repository","governing_read","unaccounted","pending_destination"
"SB-SRC-0005","ForestTiger-GH/stratbox","8459dc58922b7e8df853cf1d9e8131fa9e132580","_mw/README.md","c90ba0c799b3191be890fc018d0b6c8a5de765ae","core_auxiliary","public_repository","not_full_read","unaccounted","pending_destination"
"SB-SRC-0006","ForestTiger-GH/stratbox","8459dc58922b7e8df853cf1d9e8131fa9e132580","_mw/epochs-001-strategy-box-development/consolidation/ARCHITECTURE.md","511f72a901dc5dfcf326657582dfe5c4941cfcce","work_governance","public_repository","governing_read","unaccounted","pending_destination"
"SB-SRC-0007","ForestTiger-GH/stratbox","8459dc58922b7e8df853cf1d9e8131fa9e132580","_mw/epochs-001-strategy-box-development/consolidation/BASELINE.md","314f00cb6eb032da0ad53bb9ed78d3884b26d7d6","work_governance","public_repository","governing_read","unaccounted","pending_destination"
"SB-SRC-0008","ForestTiger-GH/stratbox","8459dc58922b7e8df853cf1d9e8131fa9e132580","_mw/epochs-001-strategy-box-development/consolidation/CYCLE.md","b7915f71836dd803afc21d194187e14b75a93972","work_governance","public_repository","governing_read","unaccounted","pending_destination"
"SB-SRC-0009","ForestTiger-GH/stratbox","8459dc58922b7e8df853cf1d9e8131fa9e132580","_mw/epochs-001-strategy-box-development/consolidation/README.md","70b5a0cbefeaf54e325c2e58255c6175d24277d8","work_governance","public_repository","governing_read","unaccounted","pending_destination"
"SB-SRC-0010","ForestTiger-GH/stratbox","8459dc58922b7e8df853cf1d9e8131fa9e132580","_mw/epochs-001-strategy-box-development/consolidation/STATE.md","d287dd39361cc67a7fb6c21b8bf4ffb13c3bde32","work_governance","public_repository","governing_read","unaccounted","pending_destination"
"SB-SRC-0011","ForestTiger-GH/stratbox","8459dc58922b7e8df853cf1d9e8131fa9e132580","_mw/epochs-001-strategy-box-development/consolidation/sources/SEED.md","fc30a821987015c710406556f7c0768666e63fbb","work_governance","public_repository","governing_read","unaccounted","pending_destination"
"SB-SRC-0012","ForestTiger-GH/stratbox","8459dc58922b7e8df853cf1d9e8131fa9e132580","_mw/epochs-001-strategy-box-development/research/01-old-notes/README.md","659a757e3a1b328f7acabd6355b41a92e553d3d7","historical_research","public_repository","full_read","unaccounted","pending_destination"
"SB-SRC-0013","ForestTiger-GH/stratbox","8459dc58922b7e8df853cf1d9e8131fa9e132580","_mw/epochs-001-strategy-box-development/research/01-old-notes/Интерфейс Strategy Box.md","2f2b05d1a1af3401fb402bfb43c8cc36a907d9fe","historical_research","public_repository","full_read","unaccounted","pending_destination"
"SB-SRC-0014","ForestTiger-GH/stratbox","8459dc58922b7e8df853cf1d9e8131fa9e132580","_mw/epochs-001-strategy-box-development/research/01-old-notes/О приложении Strategy Box.md","c10ee7d96f24996f6480d95adf2b005c0651122e","historical_research","public_repository","full_read","unaccounted","pending_destination"
"SB-SRC-0015","ForestTiger-GH/stratbox","8459dc58922b7e8df853cf1d9e8131fa9e132580","_mw/epochs-001-strategy-box-development/research/01-old-notes/Патч stratbox Май 2026.md","a2339ebc79f72a075d290b761fda7b8997b15710","historical_research","public_repository","full_read","unaccounted","pending_destination"
"SB-SRC-0016","ForestTiger-GH/stratbox","8459dc58922b7e8df853cf1d9e8131fa9e132580","_mw/epochs-001-strategy-box-development/research/01-old-notes/Рефактор бизнес-логики Stratbox.md","d04fece78c89063c2ac2dac775179f1517c7fea9","historical_research","public_repository","full_read","unaccounted","pending_destination"
"SB-SRC-0017","ForestTiger-GH/stratbox","8459dc58922b7e8df853cf1d9e8131fa9e132580","_mw/epochs-001-strategy-box-development/research/02-base-study/README.md","174f77f701e4679a4b4a6d9bfe59be7d60f8597c","base_research","public_repository","full_read","unaccounted","pending_destination"
"SB-SRC-0018","ForestTiger-GH/stratbox","8459dc58922b7e8df853cf1d9e8131fa9e132580","_mw/epochs-001-strategy-box-development/research/02-base-study/Strategy_Box_background_jobs_processes_architecture_research_2026-10-08.md","5ed80eeb3065b60f89d0706bfa49bbfd272fc066","base_research","public_repository","not_full_read","unaccounted","pending_destination"
"SB-SRC-0019","ForestTiger-GH/stratbox","8459dc58922b7e8df853cf1d9e8131fa9e132580","_mw/epochs-001-strategy-box-development/research/02-base-study/Strategy_Box_target_MADAR_epistemic_architecture_research_2026-10-07.md","00d738012f9dc85d80f89105c9ad71521097e221","base_research","public_repository","not_full_read","unaccounted","pending_destination"
"SB-SRC-0020","ForestTiger-GH/stratbox","8459dc58922b7e8df853cf1d9e8131fa9e132580","_mw/epochs-001-strategy-box-development/research/02-base-study/stratbox-windows_current_state_full_research_2026-10-06.md","225128f2599f0792422c0b31cb3cbe1437991ced","base_research","public_repository","not_full_read","unaccounted","pending_destination"
"SB-SRC-0021","ForestTiger-GH/stratbox","8459dc58922b7e8df853cf1d9e8131fa9e132580","_mw/epochs-001-strategy-box-development/research/02-base-study/stratbox_base_study_current_state_2026-10-06.md","13aa52e2df1efc78ed572969910a8117b2851ee6","base_research","public_repository","full_read","unaccounted","pending_destination"
"SB-SRC-0022","ForestTiger-GH/stratbox","8459dc58922b7e8df853cf1d9e8131fa9e132580","_mw/epochs-001-strategy-box-development/research/02-base-study/stratbox_business_logic_machine_schemes_architecture_research_2026-10-07.md","d7dbd145be84faf31eae88262ff19a3a9dbbe019","base_research","public_repository","not_full_read","unaccounted","pending_destination"
"SB-SRC-0023","ForestTiger-GH/stratbox","8459dc58922b7e8df853cf1d9e8131fa9e132580","_mw/epochs-001-strategy-box-development/research/02-base-study/stratbox_business_segments_portability_reuse_architecture_research_2026-10-07.md","176f9d644f401ad499de80a573318159393a4983","base_research","public_repository","not_full_read","unaccounted","pending_destination"
"SB-SRC-0024","ForestTiger-GH/stratbox","8459dc58922b7e8df853cf1d9e8131fa9e132580","_mw/epochs-001-strategy-box-development/research/02-base-study/stratbox_commands_scenarios_cascades_research_2026-10-07.md","201ca931a09f5bf7bba15e364da50726fdca291f","base_research","public_repository","not_full_read","unaccounted","pending_destination"
"SB-SRC-0025","ForestTiger-GH/stratbox","8459dc58922b7e8df853cf1d9e8131fa9e132580","_mw/epochs-001-strategy-box-development/research/02-base-study/stratbox_corporate_plugin_contract_research_2026-10-07.md","72b251d992c2b001c179a23d1bb1ac100f8e1d36","base_research","public_repository","not_full_read","unaccounted","pending_destination"
"SB-SRC-0026","ForestTiger-GH/stratbox","8459dc58922b7e8df853cf1d9e8131fa9e132580","_mw/epochs-001-strategy-box-development/research/02-base-study/stratbox_execution_control_user_path_research_2026-10-07.md","0cf37ddf3b0b44495a30ec1d31117fc9dfc70671","base_research","public_repository","not_full_read","unaccounted","pending_destination"
"SB-SRC-0027","ForestTiger-GH/stratbox","8459dc58922b7e8df853cf1d9e8131fa9e132580","_mw/epochs-001-strategy-box-development/research/02-base-study/stratbox_file_artifact_layer_research_2026-10-06.md","12c68fd388cabd4b5c3b9e228491201d2160a8b3","base_research","public_repository","not_full_read","unaccounted","pending_destination"
"SB-SRC-0028","ForestTiger-GH/stratbox","8459dc58922b7e8df853cf1d9e8131fa9e132580","_mw/epochs-001-strategy-box-development/research/02-base-study/stratbox_filestore_file_formats_research_2026-10-07.md","b54bfcefd0784a5c45366cd8382364193223577d","base_research","public_repository","not_full_read","unaccounted","pending_destination"
"SB-SRC-0029","ForestTiger-GH/stratbox","8459dc58922b7e8df853cf1d9e8131fa9e132580","_mw/epochs-001-strategy-box-development/research/02-base-study/stratbox_madar_target_decomposition_research_2026-10-07.md","8eafe0b9c74582d721ce24cdd67d010e6975cda5","base_research","public_repository","not_full_read","unaccounted","pending_destination"
"SB-SRC-0030","ForestTiger-GH/stratbox","8459dc58922b7e8df853cf1d9e8131fa9e132580","_mw/epochs-001-strategy-box-development/research/02-base-study/stratbox_observability_errors_logs_research_2026-10-07.md","c4ec86841e2a92299adbefeb6a6a387b7106f587","base_research","public_repository","not_full_read","unaccounted","pending_destination"
"SB-SRC-0031","ForestTiger-GH/stratbox","8459dc58922b7e8df853cf1d9e8131fa9e132580","_mw/epochs-001-strategy-box-development/research/02-base-study/stratbox_protos_boundary_research_2026-10-07.md","9bd8b8847d2bab816dcc7e9d62d445e206336c53","base_research","public_repository","not_full_read","unaccounted","pending_destination"
"SB-SRC-0032","ForestTiger-GH/stratbox","8459dc58922b7e8df853cf1d9e8131fa9e132580","_mw/epochs-001-strategy-box-development/research/02-base-study/stratbox_protos_business_code_readiness_research_2026-10-07.md","a0a1212e394b57792ec3b4f05066d5dbf540d21c","base_research","public_repository","not_full_read","unaccounted","pending_destination"
"SB-SRC-0033","ForestTiger-GH/stratbox","8459dc58922b7e8df853cf1d9e8131fa9e132580","_mw/epochs-001-strategy-box-development/research/02-base-study/stratbox_protos_chat_work_schemes_ui_research_2026-10-07.md","fe99e04aa38ac7b59fbf8419fa29d6018028ae80","base_research","public_repository","not_full_read","unaccounted","pending_destination"
"SB-SRC-0034","ForestTiger-GH/stratbox","8459dc58922b7e8df853cf1d9e8131fa9e132580","_mw/epochs-001-strategy-box-development/research/02-base-study/stratbox_protos_foundation_research_2026-10-07.md","1dc915b2bcedc7ef5cec7184c6af27e26b4f6c34","base_research","public_repository","not_full_read","unaccounted","pending_destination"
"SB-SRC-0035","ForestTiger-GH/stratbox","8459dc58922b7e8df853cf1d9e8131fa9e132580","_mw/epochs-001-strategy-box-development/research/02-base-study/stratbox_registry_source_governance_research_2026-10-07.md","0d2a15a8b3630805a65b00dbba2e324cd2e7accf","base_research","public_repository","not_full_read","unaccounted","pending_destination"
"SB-SRC-0036","ForestTiger-GH/stratbox","8459dc58922b7e8df853cf1d9e8131fa9e132580","_mw/epochs-001-strategy-box-development/research/02-base-study/stratbox_single_node_multiuser_research_2026-10-07.md","fb8ffe1b13f5c8718b171e6c7ad3d8a0f06948df","base_research","public_repository","not_full_read","unaccounted","pending_destination"
"SB-SRC-0037","ForestTiger-GH/stratbox","8459dc58922b7e8df853cf1d9e8131fa9e132580","_mw/epochs-001-strategy-box-development/research/02-base-study/stratbox_target_core_design_architecture_2026-10-07.md","897b211921a4f7c75b2f1756d21691f8a3505829","base_research","public_repository","not_full_read","unaccounted","pending_destination"
"SB-SRC-0038","ForestTiger-GH/stratbox","8459dc58922b7e8df853cf1d9e8131fa9e132580","_mw/epochs-001-strategy-box-development/research/02-base-study/stratbox_web_self_hosted_architecture_research_2026-10-07.md","cd5a3126fdf1f3a0eafd1f96d20e97e86616fd6a","base_research","public_repository","not_full_read","unaccounted","pending_destination"
"SB-SRC-0039","ForestTiger-GH/stratbox","8459dc58922b7e8df853cf1d9e8131fa9e132580","_mw/epochs-001-strategy-box-development/research/02-base-study/stratbox_windows_interface_requirements_research_2026-10-07.md","0668c3af7cec9862e638ad1b3f74b8f847404fca","base_research","public_repository","not_full_read","unaccounted","pending_destination"
"SB-SRC-0040","ForestTiger-GH/stratbox","8459dc58922b7e8df853cf1d9e8131fa9e132580","_mw/epochs-001-strategy-box-development/research/02-base-study/stratbox_windows_motion_animation_research_2026-10-07.md","199ebe15e1dae7e3003c1976d5ea9093dde9cbe9","base_research","public_repository","not_full_read","unaccounted","pending_destination"
"SB-SRC-0041","ForestTiger-GH/stratbox","8459dc58922b7e8df853cf1d9e8131fa9e132580","_mw/epochs-001-strategy-box-development/research/02-base-study/strategy_box_automation_ai_research_2026-10-06.md","dee8958b16b3fe08042b5212d35fcc8424db28e3","base_research","public_repository","not_full_read","unaccounted","pending_destination"
"SB-SRC-0042","ForestTiger-GH/stratbox","8459dc58922b7e8df853cf1d9e8131fa9e132580","_mw/epochs-001-strategy-box-development/research/02-base-study/strategy_box_customization_artifact_style_sets_research_2026-10-07.md","0ff9a0ac61be5d128cd1669a411017040ae8b7e5","base_research","public_repository","not_full_read","unaccounted","pending_destination"
"SB-SRC-0043","ForestTiger-GH/stratbox","8459dc58922b7e8df853cf1d9e8131fa9e132580","_mw/epochs-001-strategy-box-development/research/02-base-study/strategy_box_interface_visual_system_research_2026-10-07.md","c0c0c352d9383fc0771168713abd7becbb46ba87","base_research","public_repository","not_full_read","unaccounted","pending_destination"
"SB-SRC-0044","ForestTiger-GH/stratbox","8459dc58922b7e8df853cf1d9e8131fa9e132580","_mw/epochs-001-strategy-box-development/research/02-base-study/strategy_box_system_settings_research_2026-10-07.md","bedb3628f3a58a27c9de10b7a19043549c281dca","base_research","public_repository","not_full_read","unaccounted","pending_destination"
"SB-SRC-0045","ForestTiger-GH/stratbox","8459dc58922b7e8df853cf1d9e8131fa9e132580","_mw/epochs-001-strategy-box-development/research/03-consolidation-research/README.md","1b8e2da33d0fc2bacc1fb8f92083ed43af67b3ae","consolidation_research","public_repository","not_full_read","unaccounted","pending_destination"
"SB-SRC-0046","ForestTiger-GH/stratbox","8459dc58922b7e8df853cf1d9e8131fa9e132580","_mw/epochs-001-strategy-box-development/research/03-consolidation-research/Strategy_Box_01_System_Model_consolidated_research_2026-10-08.md","2be1cfd1615bcae34375947389bd355c7c07a7ad","consolidation_research","public_repository","not_full_read","unaccounted","pending_destination"
"SB-SRC-0047","ForestTiger-GH/stratbox","8459dc58922b7e8df853cf1d9e8131fa9e132580","_mw/epochs-001-strategy-box-development/research/03-consolidation-research/Strategy_Box_03_Topic_08_Trust_Safety_System_Qualities_2026-10-09.md","636c854e25bde15d380e757aa6e4762cf587b3b8","consolidation_research","public_repository","targeted_read_not_extracted","unaccounted","pending_destination"
"SB-SRC-0048","ForestTiger-GH/stratbox","8459dc58922b7e8df853cf1d9e8131fa9e132580","_mw/epochs-001-strategy-box-development/research/03-consolidation-research/strategy_box_03_topic_00_corpus_map_open_questions_2026-10-08.md","1f0c9592c63ac85aeac48fc8414378c4da334b73","consolidation_research","public_repository","targeted_read_not_extracted","unaccounted","pending_destination"
"SB-SRC-0049","ForestTiger-GH/stratbox","8459dc58922b7e8df853cf1d9e8131fa9e132580","_mw/epochs-001-strategy-box-development/research/03-consolidation-research/strategy_box_03_topic_02_canonical_semantic_model_2026-10-08.md","c5d732e6a3ac36fc042894e2e30f848c26daa72c","consolidation_research","public_repository","not_full_read","unaccounted","pending_destination"
"SB-SRC-0050","ForestTiger-GH/stratbox","8459dc58922b7e8df853cf1d9e8131fa9e132580","_mw/epochs-001-strategy-box-development/research/03-consolidation-research/strategy_box_03_topic_03_data_to_knowledge_consolidated_research_2026-10-08.md","830289dadddcfed26ae4a23c2d5836eff34d62fd","consolidation_research","public_repository","not_full_read","unaccounted","pending_destination"
"SB-SRC-0051","ForestTiger-GH/stratbox","8459dc58922b7e8df853cf1d9e8131fa9e132580","_mw/epochs-001-strategy-box-development/research/03-consolidation-research/strategy_box_03_topic_04_work_to_execution_consolidated_research_2026-10-09.md","2da168de6f5bd4f3b105f59b8ed194cd31abafc6","consolidation_research","public_repository","not_full_read","unaccounted","pending_destination"
"SB-SRC-0052","ForestTiger-GH/stratbox","8459dc58922b7e8df853cf1d9e8131fa9e132580","_mw/epochs-001-strategy-box-development/research/03-consolidation-research/strategy_box_03_topic_05_state_persistence_collaboration_consolidated_research_2026-10-09.md","44f0c84f8dada7c241a66bdcc7075900ac61a30d","consolidation_research","public_repository","not_full_read","unaccounted","pending_destination"
"SB-SRC-0053","ForestTiger-GH/stratbox","8459dc58922b7e8df853cf1d9e8131fa9e132580","_mw/epochs-001-strategy-box-development/research/03-consolidation-research/strategy_box_03_topic_06_capability_extension_automation_consolidated_research_2026-10-09.md","c3689ec26afe9aeef80742ba2ab3f75bd2d721d5","consolidation_research","public_repository","not_full_read","unaccounted","pending_destination"
"SB-SRC-0054","ForestTiger-GH/stratbox","8459dc58922b7e8df853cf1d9e8131fa9e132580","_mw/epochs-001-strategy-box-development/research/03-consolidation-research/strategy_box_03_topic_07_product_surface_architecture_consolidated_research_2026-10-09.md","1443b1b2f23172b1768603c416f7f4906ac1ac80","consolidation_research","public_repository","not_full_read","unaccounted","pending_destination"
"SB-SRC-0055","ForestTiger-GH/stratbox","8459dc58922b7e8df853cf1d9e8131fa9e132580","_mw/epochs-001-strategy-box-development/research/03-consolidation-research/strategy_box_03_topic_09_whole_system_target_architecture_2026-10-09.md","00e38a158a4538052930e677cce3e9aff449b026","consolidation_research","public_repository","targeted_read_not_extracted","unaccounted","pending_destination"
"SB-SRC-0056","ForestTiger-GH/stratbox","8459dc58922b7e8df853cf1d9e8131fa9e132580","_mw/epochs-001-strategy-box-development/research/strategy_box_03_consolidation_research_program.md","df76117f4a4276d3aa4a0564bb9209027561342d","core_auxiliary","public_repository","not_full_read","unaccounted","pending_destination"
"SB-SRC-0057","ForestTiger-GH/stratbox","8459dc58922b7e8df853cf1d9e8131fa9e132580","docs/README.md","87bf6c0293d96f230b267cfec82baba174d8d763","publication_bootstrap","public_repository","not_full_read","unaccounted","pending_destination"
"SB-SRC-0058","ForestTiger-GH/stratbox","8459dc58922b7e8df853cf1d9e8131fa9e132580","docs/architecture/README.md","e20658e6803f9c065ee57f30a475c64b98a6dc2e","publication_bootstrap","public_repository","not_full_read","unaccounted","pending_destination"
"SB-SRC-0059","ForestTiger-GH/stratbox","8459dc58922b7e8df853cf1d9e8131fa9e132580","docs/current-how/README.md","babd6ca6a14308dfe64feeb59834f74132097ee7","publication_bootstrap","public_repository","not_full_read","unaccounted","pending_destination"
"SB-SRC-0060","ForestTiger-GH/stratbox","8459dc58922b7e8df853cf1d9e8131fa9e132580","docs/how/README.md","053db8f4646ec44f7f85898471976071323b8871","publication_bootstrap","public_repository","not_full_read","unaccounted","pending_destination"
"SB-SRC-0061","ForestTiger-GH/stratbox","8459dc58922b7e8df853cf1d9e8131fa9e132580","docs/ldd/README.md","3d79d1ee7d887d804ce47193ebf40b2201242b61","publication_bootstrap","public_repository","not_full_read","unaccounted","pending_destination"
"SB-SRC-0062","ForestTiger-GH/stratbox","8459dc58922b7e8df853cf1d9e8131fa9e132580","docs/science/README.md","56bbac99d29afa9bef805a0fea9037b81cc915a5","publication_bootstrap","public_repository","not_full_read","unaccounted","pending_destination"
"SB-SRC-0063","ForestTiger-GH/stratbox","8459dc58922b7e8df853cf1d9e8131fa9e132580","docs/what/README.md","6fe345231fe6c72c185debbb4424f4389e0f5e96","publication_bootstrap","public_repository","not_full_read","unaccounted","pending_destination"
"SB-SRC-0064","ForestTiger-GH/stratbox","8459dc58922b7e8df853cf1d9e8131fa9e132580","docs_old/README.md","e2785cc7c6647a9937f1944da9398fb0d3a7486b","legacy_document","public_repository","not_full_read","unaccounted","pending_destination"
"SB-SRC-0065","ForestTiger-GH/stratbox","8459dc58922b7e8df853cf1d9e8131fa9e132580","docs_old/architecture.md","0480c729a6634a48defc26b35c2b25cd58c974d7","legacy_document","public_repository","not_full_read","unaccounted","pending_destination"
"SB-SRC-0066","ForestTiger-GH/stratbox","8459dc58922b7e8df853cf1d9e8131fa9e132580","docs_old/cbr_sors_restoration/acceptance.md","6ea78d94e9b609118e45e1cf435c805146e7c6d0","legacy_document","public_repository","not_full_read","unaccounted","pending_destination"
"SB-SRC-0067","ForestTiger-GH/stratbox","8459dc58922b7e8df853cf1d9e8131fa9e132580","docs_old/cbr_sors_restoration/architecture.md","f5b25c8da93d358cb9ab5caa649490d39428944a","legacy_document","public_repository","not_full_read","unaccounted","pending_destination"
"SB-SRC-0068","ForestTiger-GH/stratbox","8459dc58922b7e8df853cf1d9e8131fa9e132580","docs_old/cbr_sors_restoration/crosswalk.md","58ec165aa27659513fe1a6388daee739fddc32ae","legacy_document","public_repository","not_full_read","unaccounted","pending_destination"
"SB-SRC-0069","ForestTiger-GH/stratbox","8459dc58922b7e8df853cf1d9e8131fa9e132580","docs_old/cbr_sors_restoration/diagnostics.md","1b02853dddb81049b71508424806bb342d52f2b1","legacy_document","public_repository","not_full_read","unaccounted","pending_destination"
"SB-SRC-0070","ForestTiger-GH/stratbox","8459dc58922b7e8df853cf1d9e8131fa9e132580","docs_old/cbr_sors_restoration/execution_modes.md","4859ed950201d071f19634de73d4f193baf3569a","legacy_document","public_repository","not_full_read","unaccounted","pending_destination"
"SB-SRC-0071","ForestTiger-GH/stratbox","8459dc58922b7e8df853cf1d9e8131fa9e132580","docs_old/cbr_sors_restoration/implementation_report_2026-08-05.md","780ccc90a9cb2dcc25fedb3d5ccf789ee6397dd2","legacy_document","public_repository","not_full_read","unaccounted","pending_destination"
"SB-SRC-0072","ForestTiger-GH/stratbox","8459dc58922b7e8df853cf1d9e8131fa9e132580","docs_old/cbr_sors_restoration/implementation_report_2026-08-06.md","99a84c156b1053bc98436517338660c604d69563","legacy_document","public_repository","not_full_read","unaccounted","pending_destination"
"SB-SRC-0073","ForestTiger-GH/stratbox","8459dc58922b7e8df853cf1d9e8131fa9e132580","docs_old/cbr_sors_restoration/implementation_report_2026-08-07.md","497bb940abdb6c9b26f0ee956518fcf7a66c12fa","legacy_document","public_repository","not_full_read","unaccounted","pending_destination"
"SB-SRC-0074","ForestTiger-GH/stratbox","8459dc58922b7e8df853cf1d9e8131fa9e132580","docs_old/cbr_sors_restoration/methodology.md","2174e3771c07274c5451a72ba93c1214fc9dbbfa","legacy_document","public_repository","not_full_read","unaccounted","pending_destination"
"SB-SRC-0075","ForestTiger-GH/stratbox","8459dc58922b7e8df853cf1d9e8131fa9e132580","docs_old/cbr_sors_restoration/pivot_and_export.md","8c39f91341ccb9b6985bee45ee30dc54c5a1d070","legacy_document","public_repository","not_full_read","unaccounted","pending_destination"
"SB-SRC-0076","ForestTiger-GH/stratbox","8459dc58922b7e8df853cf1d9e8131fa9e132580","docs_old/cbr_sors_restoration/result_grids.md","954a7ce07b1bcd16d73c3e6c4f3a79dc6643cc5a","legacy_document","public_repository","not_full_read","unaccounted","pending_destination"
"SB-SRC-0077","ForestTiger-GH/stratbox","8459dc58922b7e8df853cf1d9e8131fa9e132580","docs_old/cbr_sors_restoration/source_contracts.md","5fe5dd389c39b18ed63d3b24cc2fcfc124084fa2","legacy_document","public_repository","not_full_read","unaccounted","pending_destination"
"SB-SRC-0078","ForestTiger-GH/stratbox","8459dc58922b7e8df853cf1d9e8131fa9e132580","docs_old/development.md","c20020db6af732d6733429e061fd8e2ac70adb9a","legacy_document","public_repository","not_full_read","unaccounted","pending_destination"
"SB-SRC-0079","ForestTiger-GH/stratbox","8459dc58922b7e8df853cf1d9e8131fa9e132580","docs_old/examples.md","2fb30521accf16911c9763dbf9b0d3fc7ba6fba4","legacy_document","public_repository","not_full_read","unaccounted","pending_destination"
"SB-SRC-0080","ForestTiger-GH/stratbox","8459dc58922b7e8df853cf1d9e8131fa9e132580","docs_old/files_catalog_methods.md","e2ef72c07db3bd3387ea6570936f29b8f3442b5d","legacy_document","public_repository","not_full_read","unaccounted","pending_destination"
"SB-SRC-0081","ForestTiger-GH/stratbox","8459dc58922b7e8df853cf1d9e8131fa9e132580","docs_old/frg_stage1.md","5d9bb701590b1b7676c0de0936a3514f16c3820c","legacy_document","public_repository","not_full_read","unaccounted","pending_destination"
"SB-SRC-0082","ForestTiger-GH/stratbox","8459dc58922b7e8df853cf1d9e8131fa9e132580","docs_old/plugin-integration.md","b0169410b7a1f620989f44f9bdc2941f29bcf163","legacy_document","public_repository","not_full_read","unaccounted","pending_destination"
"SB-SRC-0083","ForestTiger-GH/stratbox","8459dc58922b7e8df853cf1d9e8131fa9e132580","examples/cbr_file_collector_example.py","1e4b1a5c77341d7c961fa7ce4c222536e7a1d868","core_auxiliary","public_repository","not_full_read","unaccounted","pending_destination"
"SB-SRC-0084","ForestTiger-GH/stratbox","8459dc58922b7e8df853cf1d9e8131fa9e132580","examples/cbr_industries_0105a_debt_corp_example.py","e7371bb722b06123501006c746506e32f43041e1","core_auxiliary","public_repository","not_full_read","unaccounted","pending_destination"
"SB-SRC-0085","ForestTiger-GH/stratbox","8459dc58922b7e8df853cf1d9e8131fa9e132580","examples/cbr_industries_0105a_debt_corp_two_workbooks_colab.py","7e8e7bf8c04c9f33a4bdf345e637ac97458cbc47","core_auxiliary","public_repository","not_full_read","unaccounted","pending_destination"
"SB-SRC-0086","ForestTiger-GH/stratbox","8459dc58922b7e8df853cf1d9e8131fa9e132580","examples/cbr_sors_restoration_colab.py","fb90721426ae8254a532a1bc6d4ad95d9fa0800c","core_auxiliary","public_repository","not_full_read","unaccounted","pending_destination"
"SB-SRC-0087","ForestTiger-GH/stratbox","8459dc58922b7e8df853cf1d9e8131fa9e132580","examples/cbr_sors_restoration_crosswalk.py","1297734c6464f4ea1e42c2c8e2fc22c7b52bcc17","core_auxiliary","public_repository","not_full_read","unaccounted","pending_destination"
"SB-SRC-0088","ForestTiger-GH/stratbox","8459dc58922b7e8df853cf1d9e8131fa9e132580","examples/cbr_sors_restoration_targets.py","fc62595d57b4b943f63084137a248e46d63f57eb","core_auxiliary","public_repository","not_full_read","unaccounted","pending_destination"
"SB-SRC-0089","ForestTiger-GH/stratbox","8459dc58922b7e8df853cf1d9e8131fa9e132580","examples/escrow_example.py","4bb9600028172fbeeecf0472da4f2b0214e7873f","core_auxiliary","public_repository","not_full_read","unaccounted","pending_destination"
"SB-SRC-0090","ForestTiger-GH/stratbox","8459dc58922b7e8df853cf1d9e8131fa9e132580","examples/frg_cleanup_example.py","1d96382790854b9589eb287eb050009991778566","core_auxiliary","public_repository","not_full_read","unaccounted","pending_destination"
"SB-SRC-0091","ForestTiger-GH/stratbox","8459dc58922b7e8df853cf1d9e8131fa9e132580","examples/frg_stage1_example.py","96c97d8aeba41f6281b1a89a52f7c224d188c49d","core_auxiliary","public_repository","not_full_read","unaccounted","pending_destination"
"SB-SRC-0092","ForestTiger-GH/stratbox","8459dc58922b7e8df853cf1d9e8131fa9e132580","examples/ioapi_read_excel_example.py","9fdb1936365ce070b6098698b05d07501670f2c1","core_auxiliary","public_repository","not_full_read","unaccounted","pending_destination"
"SB-SRC-0093","ForestTiger-GH/stratbox","8459dc58922b7e8df853cf1d9e8131fa9e132580","examples/ioapi_write_excel_example.py","d1b213bb85a14da87f85da8b3c6af39d177fa7d1","core_auxiliary","public_repository","not_full_read","unaccounted","pending_destination"
"SB-SRC-0094","ForestTiger-GH/stratbox","8459dc58922b7e8df853cf1d9e8131fa9e132580","examples/pandas_read_excel_example.py","f485dd77d7eec7a2dfc4150bde6370ab5a27a33a","core_auxiliary","public_repository","not_full_read","unaccounted","pending_destination"
"SB-SRC-0095","ForestTiger-GH/stratbox","8459dc58922b7e8df853cf1d9e8131fa9e132580","examples/pandas_write_excel_example.py","4b60b3c32ccb155914dcd3fb7ec0f7e1f4b36ebe","core_auxiliary","public_repository","not_full_read","unaccounted","pending_destination"
"SB-SRC-0096","ForestTiger-GH/stratbox","8459dc58922b7e8df853cf1d9e8131fa9e132580","pyproject.toml","f3146734956873abe67f657369d203017c8ae77b","core_auxiliary","public_repository","not_full_read","unaccounted","pending_destination"
"SB-SRC-0097","ForestTiger-GH/stratbox","8459dc58922b7e8df853cf1d9e8131fa9e132580","scripts/check_internal_imports.py","c547f561171d602df52dcae46ac145fe1ccad805","engineering_check","public_repository","not_full_read","unaccounted","pending_destination"
"SB-SRC-0098","ForestTiger-GH/stratbox","8459dc58922b7e8df853cf1d9e8131fa9e132580","scripts/check_release_integrity.py","5b5ce07d06af9352a027d17343bcb7ae745caa45","engineering_check","public_repository","not_full_read","unaccounted","pending_destination"
"SB-SRC-0099","ForestTiger-GH/stratbox","8459dc58922b7e8df853cf1d9e8131fa9e132580","src/stratbox/README.md","af91dc869bc888549782ebb0dbee4a7bd91fe6b4","core_implementation","public_repository","not_full_read","unaccounted","pending_destination"
"SB-SRC-0100","ForestTiger-GH/stratbox","8459dc58922b7e8df853cf1d9e8131fa9e132580","src/stratbox/__init__.py","5c2a50a3de977cac3e55757b0a0d13093cac80fa","core_implementation","public_repository","not_full_read","unaccounted","pending_destination"
"SB-SRC-0101","ForestTiger-GH/stratbox","8459dc58922b7e8df853cf1d9e8131fa9e132580","src/stratbox/base/README.md","641e399a8b0b5d0309a35805d422e65aeb566d37","core_implementation","public_repository","not_full_read","unaccounted","pending_destination"
"SB-SRC-0102","ForestTiger-GH/stratbox","8459dc58922b7e8df853cf1d9e8131fa9e132580","src/stratbox/base/__init__.py","1a9cff6d529df5ae314fe7fb90b5c4c08047a843","core_implementation","public_repository","not_full_read","unaccounted","pending_destination"
"SB-SRC-0103","ForestTiger-GH/stratbox","8459dc58922b7e8df853cf1d9e8131fa9e132580","src/stratbox/base/filestore/__init__.py","7ea27a19c934c921aebc922f3f38d2b6dba5b992","core_implementation","public_repository","not_full_read","unaccounted","pending_destination"
"SB-SRC-0104","ForestTiger-GH/stratbox","8459dc58922b7e8df853cf1d9e8131fa9e132580","src/stratbox/base/filestore/base.py","f638f14703aea8328153bb05181cdde5899ae193","core_implementation","public_repository","not_full_read","unaccounted","pending_destination"
"SB-SRC-0105","ForestTiger-GH/stratbox","8459dc58922b7e8df853cf1d9e8131fa9e132580","src/stratbox/base/filestore/local.py","a810a2355c89e50a8e9702ececefa93daf04a037","core_implementation","public_repository","not_full_read","unaccounted","pending_destination"
"SB-SRC-0106","ForestTiger-GH/stratbox","8459dc58922b7e8df853cf1d9e8131fa9e132580","src/stratbox/base/filestore/tmp.py","42caa4237081c29877928b9b38cc4becb8ba2e7d","core_implementation","public_repository","not_full_read","unaccounted","pending_destination"
"SB-SRC-0107","ForestTiger-GH/stratbox","8459dc58922b7e8df853cf1d9e8131fa9e132580","src/stratbox/base/filestore/types.py","14b1f5812778727320f74ce06a9fbd6e77f2f8f1","core_implementation","public_repository","not_full_read","unaccounted","pending_destination"
"SB-SRC-0108","ForestTiger-GH/stratbox","8459dc58922b7e8df853cf1d9e8131fa9e132580","src/stratbox/base/ioapi/__init__.py","cf30d350d29510aa1c6fdab92912bfca8a53907b","core_implementation","public_repository","not_full_read","unaccounted","pending_destination"
"SB-SRC-0109","ForestTiger-GH/stratbox","8459dc58922b7e8df853cf1d9e8131fa9e132580","src/stratbox/base/ioapi/archives.py","b9ce5a6e182310fa4321ce2e060929e1b5bc18e7","core_implementation","public_repository","not_full_read","unaccounted","pending_destination"
"SB-SRC-0110","ForestTiger-GH/stratbox","8459dc58922b7e8df853cf1d9e8131fa9e132580","src/stratbox/base/ioapi/bytes.py","3aa7d4152c211f810b22d2b79b5572740484f33b","core_implementation","public_repository","not_full_read","unaccounted","pending_destination"
"SB-SRC-0111","ForestTiger-GH/stratbox","8459dc58922b7e8df853cf1d9e8131fa9e132580","src/stratbox/base/ioapi/csv.py","1b485729b70acc0c81a60fa436c62425c8e4f640","core_implementation","public_repository","not_full_read","unaccounted","pending_destination"
"SB-SRC-0112","ForestTiger-GH/stratbox","8459dc58922b7e8df853cf1d9e8131fa9e132580","src/stratbox/base/ioapi/dbf.py","a08b3df392ba662d7d1e5b45dfed59d03bce0b93","core_implementation","public_repository","not_full_read","unaccounted","pending_destination"
"SB-SRC-0113","ForestTiger-GH/stratbox","8459dc58922b7e8df853cf1d9e8131fa9e132580","src/stratbox/base/ioapi/docx.py","f7df866e25b4b3ac3df5022286b7dfca70000bdf","core_implementation","public_repository","not_full_read","unaccounted","pending_destination"
"SB-SRC-0114","ForestTiger-GH/stratbox","8459dc58922b7e8df853cf1d9e8131fa9e132580","src/stratbox/base/ioapi/excel.py","82b263c7adabafe9c7f7ac6e17b2b3d929892eb0","core_implementation","public_repository","not_full_read","unaccounted","pending_destination"
"SB-SRC-0115","ForestTiger-GH/stratbox","8459dc58922b7e8df853cf1d9e8131fa9e132580","src/stratbox/base/ioapi/excel_xls.py","19939fc3e4c85692a06f2e626532f22210fcec28","core_implementation","public_repository","not_full_read","unaccounted","pending_destination"
"SB-SRC-0116","ForestTiger-GH/stratbox","8459dc58922b7e8df853cf1d9e8131fa9e132580","src/stratbox/base/ioapi/excel_xlsb.py","01756eea7225da7127e37f8770f5392dea16d7d2","core_implementation","public_repository","not_full_read","unaccounted","pending_destination"
"SB-SRC-0117","ForestTiger-GH/stratbox","8459dc58922b7e8df853cf1d9e8131fa9e132580","src/stratbox/base/ioapi/excel_xlsm.py","7d5e300cbf1e605dbdaf98ec635f786855f7f94b","core_implementation","public_repository","not_full_read","unaccounted","pending_destination"
"SB-SRC-0118","ForestTiger-GH/stratbox","8459dc58922b7e8df853cf1d9e8131fa9e132580","src/stratbox/base/ioapi/excel_xlsx.py","ba268f4d460e205ed8fa62e93f18d07b63895f58","core_implementation","public_repository","not_full_read","unaccounted","pending_destination"
"SB-SRC-0119","ForestTiger-GH/stratbox","8459dc58922b7e8df853cf1d9e8131fa9e132580","src/stratbox/base/ioapi/images.py","cf7379d3b96db4feffb6985ec5ee1d6ade6ddae1","core_implementation","public_repository","not_full_read","unaccounted","pending_destination"
"SB-SRC-0120","ForestTiger-GH/stratbox","8459dc58922b7e8df853cf1d9e8131fa9e132580","src/stratbox/base/ioapi/pdf.py","e6365237771f0c2de5c1c8a85bf1f811a23315df","core_implementation","public_repository","not_full_read","unaccounted","pending_destination"
"SB-SRC-0121","ForestTiger-GH/stratbox","8459dc58922b7e8df853cf1d9e8131fa9e132580","src/stratbox/base/ioapi/pptx.py","b3cfccae472f05e62b88e4905fe327b7be34b885","core_implementation","public_repository","not_full_read","unaccounted","pending_destination"
"SB-SRC-0122","ForestTiger-GH/stratbox","8459dc58922b7e8df853cf1d9e8131fa9e132580","src/stratbox/base/ioapi/rar.py","2660800655031f76d1ed452ca94f0d6527c4eb7b","core_implementation","public_repository","not_full_read","unaccounted","pending_destination"
"SB-SRC-0123","ForestTiger-GH/stratbox","8459dc58922b7e8df853cf1d9e8131fa9e132580","src/stratbox/base/ioapi/txt.py","3663eff90e57bfe373c1e7ac2f8918e74210658c","core_implementation","public_repository","not_full_read","unaccounted","pending_destination"
"SB-SRC-0124","ForestTiger-GH/stratbox","8459dc58922b7e8df853cf1d9e8131fa9e132580","src/stratbox/base/ioapi/xml.py","4837be500d73fbe5ed5148d8dbdb9c935504361b","core_implementation","public_repository","not_full_read","unaccounted","pending_destination"
"SB-SRC-0125","ForestTiger-GH/stratbox","8459dc58922b7e8df853cf1d9e8131fa9e132580","src/stratbox/base/ioapi/zip.py","735d40f5ebcffac57712114be4711562cc142b24","core_implementation","public_repository","not_full_read","unaccounted","pending_destination"
"SB-SRC-0126","ForestTiger-GH/stratbox","8459dc58922b7e8df853cf1d9e8131fa9e132580","src/stratbox/base/net/__init__.py","2e04b8b62ca788874276ad0857337d3dcf332968","core_implementation","public_repository","not_full_read","unaccounted","pending_destination"
"SB-SRC-0127","ForestTiger-GH/stratbox","8459dc58922b7e8df853cf1d9e8131fa9e132580","src/stratbox/base/net/http.py","c9a74100b18350f76ecff406b1b2af9608277262","core_implementation","public_repository","not_full_read","unaccounted","pending_destination"
"SB-SRC-0128","ForestTiger-GH/stratbox","8459dc58922b7e8df853cf1d9e8131fa9e132580","src/stratbox/base/net/url.py","b9ec2e096b0eb449df25683d81f95f7bb8344f77","core_implementation","public_repository","not_full_read","unaccounted","pending_destination"
"SB-SRC-0129","ForestTiger-GH/stratbox","8459dc58922b7e8df853cf1d9e8131fa9e132580","src/stratbox/base/runtime.py","29d23cb4be4c27b428a1ba5342ac7032ec99122a","core_implementation","public_repository","not_full_read","unaccounted","pending_destination"
"SB-SRC-0130","ForestTiger-GH/stratbox","8459dc58922b7e8df853cf1d9e8131fa9e132580","src/stratbox/base/secrets/__init__.py","778cd2b2f36f896d6c7f61e9575536dc04eab43e","core_implementation","public_repository","not_full_read","unaccounted","pending_destination"
"SB-SRC-0131","ForestTiger-GH/stratbox","8459dc58922b7e8df853cf1d9e8131fa9e132580","src/stratbox/base/secrets/base.py","f882d263eb61a2f613695c4fe31dc4f54c3d3c3e","core_implementation","public_repository","not_full_read","unaccounted","pending_destination"
"SB-SRC-0132","ForestTiger-GH/stratbox","8459dc58922b7e8df853cf1d9e8131fa9e132580","src/stratbox/base/secrets/env.py","c39d6a5c44aa15147f3228b15690f7b63c7d69b0","core_implementation","public_repository","not_full_read","unaccounted","pending_destination"
"SB-SRC-0133","ForestTiger-GH/stratbox","8459dc58922b7e8df853cf1d9e8131fa9e132580","src/stratbox/base/secrets/prompt.py","4a4f74d8990a7593a77d5d3f0a782d1834a60a1f","core_implementation","public_repository","not_full_read","unaccounted","pending_destination"
"SB-SRC-0134","ForestTiger-GH/stratbox","8459dc58922b7e8df853cf1d9e8131fa9e132580","src/stratbox/base/styles/__init__.py","592a3a9c7be9968b86d4f7bc844a98dff431230e","core_implementation","public_repository","not_full_read","unaccounted","pending_destination"
"SB-SRC-0135","ForestTiger-GH/stratbox","8459dc58922b7e8df853cf1d9e8131fa9e132580","src/stratbox/base/styles/excel/__init__.py","847fde0175a7b0d55d8d224c07cdca799267d458","core_implementation","public_repository","not_full_read","unaccounted","pending_destination"
"SB-SRC-0136","ForestTiger-GH/stratbox","8459dc58922b7e8df853cf1d9e8131fa9e132580","src/stratbox/base/styles/excel/apply.py","42b65eb3ce9163ee531afe60bb1af18e509a63c5","core_implementation","public_repository","not_full_read","unaccounted","pending_destination"
"SB-SRC-0137","ForestTiger-GH/stratbox","8459dc58922b7e8df853cf1d9e8131fa9e132580","src/stratbox/base/styles/excel/builtin.py","0bbeafa22a07b435fce03ad12bcd10bf58cb543f","core_implementation","public_repository","not_full_read","unaccounted","pending_destination"
"SB-SRC-0138","ForestTiger-GH/stratbox","8459dc58922b7e8df853cf1d9e8131fa9e132580","src/stratbox/base/styles/excel/main.py","e09ad5808b51b4aa2fb1add45b7a9e3a38d1ce43","core_implementation","public_repository","not_full_read","unaccounted","pending_destination"
"SB-SRC-0139","ForestTiger-GH/stratbox","8459dc58922b7e8df853cf1d9e8131fa9e132580","src/stratbox/base/styles/excel/models.py","c3bcf8d40af7d4fa9e797fbac62fc5fc0cf3f3f1","core_implementation","public_repository","not_full_read","unaccounted","pending_destination"
"SB-SRC-0140","ForestTiger-GH/stratbox","8459dc58922b7e8df853cf1d9e8131fa9e132580","src/stratbox/base/styles/excel/plugin.py","12b03075bb1b0e4f690144f38ff9f877cc822ec5","core_implementation","public_repository","not_full_read","unaccounted","pending_destination"
"SB-SRC-0141","ForestTiger-GH/stratbox","8459dc58922b7e8df853cf1d9e8131fa9e132580","src/stratbox/base/styles/excel/registry.py","af08c27cac33059753a56a4c7921df55d7523f98","core_implementation","public_repository","not_full_read","unaccounted","pending_destination"
"SB-SRC-0142","ForestTiger-GH/stratbox","8459dc58922b7e8df853cf1d9e8131fa9e132580","src/stratbox/base/utils/__init__.py","929a8ce9e5738893d6489ed54ee78f79730fcba5","core_implementation","public_repository","not_full_read","unaccounted","pending_destination"
"SB-SRC-0143","ForestTiger-GH/stratbox","8459dc58922b7e8df853cf1d9e8131fa9e132580","src/stratbox/base/utils/optional_deps.py","a321b06f2831f33bef11aa3e8cde8e9ba4d8d367","core_implementation","public_repository","not_full_read","unaccounted","pending_destination"
"SB-SRC-0144","ForestTiger-GH/stratbox","8459dc58922b7e8df853cf1d9e8131fa9e132580","src/stratbox/common/README.md","50353ebc0ec8c29877a347aa64f5517020de708e","core_implementation","public_repository","not_full_read","unaccounted","pending_destination"
"SB-SRC-0145","ForestTiger-GH/stratbox","8459dc58922b7e8df853cf1d9e8131fa9e132580","src/stratbox/common/__init__.py","e69de29bb2d1d6434b8b29ae775ad8c2e48c5391","core_implementation","public_repository","not_full_read","unaccounted","pending_destination"
"SB-SRC-0146","ForestTiger-GH/stratbox","8459dc58922b7e8df853cf1d9e8131fa9e132580","src/stratbox/common/time/__init__.py","e69de29bb2d1d6434b8b29ae775ad8c2e48c5391","core_implementation","public_repository","not_full_read","unaccounted","pending_destination"
"SB-SRC-0147","ForestTiger-GH/stratbox","8459dc58922b7e8df853cf1d9e8131fa9e132580","src/stratbox/common/time/periods.py","731ecb2494fd5b5839936d27024ef7133cd85461","core_implementation","public_repository","not_full_read","unaccounted","pending_destination"
"SB-SRC-0148","ForestTiger-GH/stratbox","8459dc58922b7e8df853cf1d9e8131fa9e132580","src/stratbox/macrobanks/README.md","b35346e0dac054226371e8e43da6800b5a8d5d31","core_implementation","public_repository","not_full_read","unaccounted","pending_destination"
"SB-SRC-0149","ForestTiger-GH/stratbox","8459dc58922b7e8df853cf1d9e8131fa9e132580","src/stratbox/macrobanks/__init__.py","371018f4339b2421a1ab1a3c05ab5014fec7f1a6","core_implementation","public_repository","not_full_read","unaccounted","pending_destination"
"SB-SRC-0150","ForestTiger-GH/stratbox","8459dc58922b7e8df853cf1d9e8131fa9e132580","src/stratbox/macrobanks/cbr_file_collector/README.md","e7543cbac57a00e2b2f8c486a4c213b032f1bb5f","core_implementation","public_repository","not_full_read","unaccounted","pending_destination"
"SB-SRC-0151","ForestTiger-GH/stratbox","8459dc58922b7e8df853cf1d9e8131fa9e132580","src/stratbox/macrobanks/cbr_file_collector/__init__.py","4da3ecc2c347599df16ce0dddf0e08e44fa3e489","core_implementation","public_repository","not_full_read","unaccounted","pending_destination"
"SB-SRC-0152","ForestTiger-GH/stratbox","8459dc58922b7e8df853cf1d9e8131fa9e132580","src/stratbox/macrobanks/cbr_file_collector/contracts.py","a8cbc01dd63e9e9f8ad6469dd4fdae16ba4d8f05","core_implementation","public_repository","not_full_read","unaccounted","pending_destination"
"SB-SRC-0153","ForestTiger-GH/stratbox","8459dc58922b7e8df853cf1d9e8131fa9e132580","src/stratbox/macrobanks/cbr_file_collector/downloader.py","73390616cc6f20237e34523a4ecd53d36a2f227c","core_implementation","public_repository","not_full_read","unaccounted","pending_destination"
"SB-SRC-0154","ForestTiger-GH/stratbox","8459dc58922b7e8df853cf1d9e8131fa9e132580","src/stratbox/macrobanks/cbr_file_collector/file_names.py","b5845f7ead8791f178dadae935a0bcd442bcf406","core_implementation","public_repository","not_full_read","unaccounted","pending_destination"
"SB-SRC-0155","ForestTiger-GH/stratbox","8459dc58922b7e8df853cf1d9e8131fa9e132580","src/stratbox/macrobanks/cbr_file_collector/operations.py","ae8b70122491f9930182c5139a90e6254195b53e","core_implementation","public_repository","not_full_read","unaccounted","pending_destination"
"SB-SRC-0156","ForestTiger-GH/stratbox","8459dc58922b7e8df853cf1d9e8131fa9e132580","src/stratbox/macrobanks/cbr_file_collector/registry.py","b7af2c380a028984ec4b465250ac44a0f05efab6","core_implementation","public_repository","not_full_read","unaccounted","pending_destination"
"SB-SRC-0157","ForestTiger-GH/stratbox","8459dc58922b7e8df853cf1d9e8131fa9e132580","src/stratbox/macrobanks/cbr_file_collector/save.py","54d83b840d9e5e32cb9417b63382c7ad6af2f38c","core_implementation","public_repository","not_full_read","unaccounted","pending_destination"
"SB-SRC-0158","ForestTiger-GH/stratbox","8459dc58922b7e8df853cf1d9e8131fa9e132580","src/stratbox/macrobanks/cbr_forms/README.md","5a64032b02e5c49bf6e06f75a4f74f1a26456afb","core_implementation","public_repository","not_full_read","unaccounted","pending_destination"
"SB-SRC-0159","ForestTiger-GH/stratbox","8459dc58922b7e8df853cf1d9e8131fa9e132580","src/stratbox/macrobanks/cbr_forms/__init__.py","cda7d704db127e069305653a363563a5faf9d8b6","core_implementation","public_repository","not_full_read","unaccounted","pending_destination"
"SB-SRC-0160","ForestTiger-GH/stratbox","8459dc58922b7e8df853cf1d9e8131fa9e132580","src/stratbox/macrobanks/cbr_forms/api.py","392cca41ce2124e7aef7101d6f7aa65fb56a248b","core_implementation","public_repository","not_full_read","unaccounted","pending_destination"
"SB-SRC-0161","ForestTiger-GH/stratbox","8459dc58922b7e8df853cf1d9e8131fa9e132580","src/stratbox/macrobanks/cbr_forms/common/__init__.py","e69de29bb2d1d6434b8b29ae775ad8c2e48c5391","core_implementation","public_repository","not_full_read","unaccounted","pending_destination"
"SB-SRC-0162","ForestTiger-GH/stratbox","8459dc58922b7e8df853cf1d9e8131fa9e132580","src/stratbox/macrobanks/cbr_forms/common/banks.py","4d047b16ce98a86365541ceab996706e5139ecec","core_implementation","public_repository","not_full_read","unaccounted","pending_destination"
"SB-SRC-0163","ForestTiger-GH/stratbox","8459dc58922b7e8df853cf1d9e8131fa9e132580","src/stratbox/macrobanks/cbr_forms/common/dbf.py","884fb62197564ed084389cc5aee6c626107c2d4e","core_implementation","public_repository","not_full_read","unaccounted","pending_destination"
"SB-SRC-0164","ForestTiger-GH/stratbox","8459dc58922b7e8df853cf1d9e8131fa9e132580","src/stratbox/macrobanks/cbr_forms/common/dbf_picker.py","d63aa8dbb424b127c20faab848b1d282d48223e5","core_implementation","public_repository","not_full_read","unaccounted","pending_destination"
"SB-SRC-0165","ForestTiger-GH/stratbox","8459dc58922b7e8df853cf1d9e8131fa9e132580","src/stratbox/macrobanks/cbr_forms/common/direct_form.py","75c5134e5f287e41640e8e20794b1920211aa30c","core_implementation","public_repository","not_full_read","unaccounted","pending_destination"
"SB-SRC-0166","ForestTiger-GH/stratbox","8459dc58922b7e8df853cf1d9e8131fa9e132580","src/stratbox/macrobanks/cbr_forms/common/excel_profiles.py","4bdcf6bcd1a72fe751b5afc28a8c208814b85426","core_implementation","public_repository","not_full_read","unaccounted","pending_destination"
"SB-SRC-0167","ForestTiger-GH/stratbox","8459dc58922b7e8df853cf1d9e8131fa9e132580","src/stratbox/macrobanks/cbr_forms/common/models.py","9fc4debdf95d76b67f9b0873c8718989269e4e95","core_implementation","public_repository","not_full_read","unaccounted","pending_destination"
"SB-SRC-0168","ForestTiger-GH/stratbox","8459dc58922b7e8df853cf1d9e8131fa9e132580","src/stratbox/macrobanks/cbr_forms/common/output.py","d4eaa9f5bb7f3bc21c39815d648bb1c6518e479c","core_implementation","public_repository","not_full_read","unaccounted","pending_destination"
"SB-SRC-0169","ForestTiger-GH/stratbox","8459dc58922b7e8df853cf1d9e8131fa9e132580","src/stratbox/macrobanks/cbr_forms/common/runner.py","07125ab6b23625e71104b89365d943a926e49d48","core_implementation","public_repository","not_full_read","unaccounted","pending_destination"
"SB-SRC-0170","ForestTiger-GH/stratbox","8459dc58922b7e8df853cf1d9e8131fa9e132580","src/stratbox/macrobanks/cbr_forms/common/wide.py","b03e9ac5ced778caaf900c077bdbb0da43c95480","core_implementation","public_repository","not_full_read","unaccounted","pending_destination"
"SB-SRC-0171","ForestTiger-GH/stratbox","8459dc58922b7e8df853cf1d9e8131fa9e132580","src/stratbox/macrobanks/cbr_forms/forms/__init__.py","adc582830c555c5bf58ca5d131da0e6794e60f7b","core_implementation","public_repository","not_full_read","unaccounted","pending_destination"
"SB-SRC-0172","ForestTiger-GH/stratbox","8459dc58922b7e8df853cf1d9e8131fa9e132580","src/stratbox/macrobanks/cbr_forms/forms/_typing.py","9973e9761168d236b38a80ab72904bbca427b913","core_implementation","public_repository","not_full_read","unaccounted","pending_destination"
"SB-SRC-0173","ForestTiger-GH/stratbox","8459dc58922b7e8df853cf1d9e8131fa9e132580","src/stratbox/macrobanks/cbr_forms/forms/form101.py","ef83d53573101d2a673914d10ab47cf8c01e4f0c","core_implementation","public_repository","not_full_read","unaccounted","pending_destination"
"SB-SRC-0174","ForestTiger-GH/stratbox","8459dc58922b7e8df853cf1d9e8131fa9e132580","src/stratbox/macrobanks/cbr_forms/forms/form102.py","630d34eb41ed10940ef4586ced43bfa1b18ae1fd","core_implementation","public_repository","not_full_read","unaccounted","pending_destination"
"SB-SRC-0175","ForestTiger-GH/stratbox","8459dc58922b7e8df853cf1d9e8131fa9e132580","src/stratbox/macrobanks/cbr_forms/forms/form123.py","51edd36c3a2bf687c9afa69c69dd3e377ac0592c","core_implementation","public_repository","not_full_read","unaccounted","pending_destination"
"SB-SRC-0176","ForestTiger-GH/stratbox","8459dc58922b7e8df853cf1d9e8131fa9e132580","src/stratbox/macrobanks/cbr_forms/forms/form135.py","f0b94897726b7fe44228be89c3242a8b2d84cccb","core_implementation","public_repository","not_full_read","unaccounted","pending_destination"
"SB-SRC-0177","ForestTiger-GH/stratbox","8459dc58922b7e8df853cf1d9e8131fa9e132580","src/stratbox/macrobanks/cbr_forms/forms/form802.py","45501279bee4bf3dd24a0b14e54698b80bc9996b","core_implementation","public_repository","not_full_read","unaccounted","pending_destination"
"SB-SRC-0178","ForestTiger-GH/stratbox","8459dc58922b7e8df853cf1d9e8131fa9e132580","src/stratbox/macrobanks/cbr_forms/forms/form805.py","3472a4bd2abed0dc246748f7edfa23e6b21b4a3e","core_implementation","public_repository","not_full_read","unaccounted","pending_destination"
"SB-SRC-0179","ForestTiger-GH/stratbox","8459dc58922b7e8df853cf1d9e8131fa9e132580","src/stratbox/macrobanks/cbr_forms/forms/registry.py","2029578d65f4b39d336e5ce74b055f4f7dc0c022","core_implementation","public_repository","not_full_read","unaccounted","pending_destination"
"SB-SRC-0180","ForestTiger-GH/stratbox","8459dc58922b7e8df853cf1d9e8131fa9e132580","src/stratbox/macrobanks/cbr_forms/main.py","e69de29bb2d1d6434b8b29ae775ad8c2e48c5391","core_implementation","public_repository","not_full_read","unaccounted","pending_destination"
"SB-SRC-0181","ForestTiger-GH/stratbox","8459dc58922b7e8df853cf1d9e8131fa9e132580","src/stratbox/macrobanks/cbr_forms/models/__init__.py","e69de29bb2d1d6434b8b29ae775ad8c2e48c5391","core_implementation","public_repository","not_full_read","unaccounted","pending_destination"
"SB-SRC-0182","ForestTiger-GH/stratbox","8459dc58922b7e8df853cf1d9e8131fa9e132580","src/stratbox/macrobanks/cbr_forms/models/form101.csv","505cb2f8dbe83e09481fc59206436a9dd4e1e01d","core_implementation","public_repository","not_full_read","unaccounted","pending_destination"
"SB-SRC-0183","ForestTiger-GH/stratbox","8459dc58922b7e8df853cf1d9e8131fa9e132580","src/stratbox/macrobanks/cbr_forms/models/form102.csv","7048194b1a0fe41d7625e6c3cad6737b4fef27f0","core_implementation","public_repository","not_full_read","unaccounted","pending_destination"
"SB-SRC-0184","ForestTiger-GH/stratbox","8459dc58922b7e8df853cf1d9e8131fa9e132580","src/stratbox/macrobanks/cbr_forms/models/form123.csv","70b8a00fafa13bc02b460bc05ca4e0973fe81a75","core_implementation","public_repository","not_full_read","unaccounted","pending_destination"
"SB-SRC-0185","ForestTiger-GH/stratbox","8459dc58922b7e8df853cf1d9e8131fa9e132580","src/stratbox/macrobanks/cbr_forms/models/form135.csv","f2304791342b1df470a40f5bf77a31affc134011","core_implementation","public_repository","not_full_read","unaccounted","pending_destination"
"SB-SRC-0186","ForestTiger-GH/stratbox","8459dc58922b7e8df853cf1d9e8131fa9e132580","src/stratbox/macrobanks/cbr_forms/models/form802.csv","c41d8c032b5ab6320510f534617d579cee320896","core_implementation","public_repository","not_full_read","unaccounted","pending_destination"
"SB-SRC-0187","ForestTiger-GH/stratbox","8459dc58922b7e8df853cf1d9e8131fa9e132580","src/stratbox/macrobanks/cbr_forms/models/form805.csv","ef83938310b95ee12b9f6579282ddc74b59ce13b","core_implementation","public_repository","not_full_read","unaccounted","pending_destination"
"SB-SRC-0188","ForestTiger-GH/stratbox","8459dc58922b7e8df853cf1d9e8131fa9e132580","src/stratbox/macrobanks/cbr_forms/run_all_forms.py","f00e537cd847d6adea981511df2db2e11acf54fc","core_implementation","public_repository","not_full_read","unaccounted","pending_destination"
"SB-SRC-0189","ForestTiger-GH/stratbox","8459dc58922b7e8df853cf1d9e8131fa9e132580","src/stratbox/macrobanks/cbr_forms/run_form101_debug.py","87ffd19594a80c40f0b2f844028ca115dd2b707c","core_implementation","public_repository","not_full_read","unaccounted","pending_destination"
"SB-SRC-0190","ForestTiger-GH/stratbox","8459dc58922b7e8df853cf1d9e8131fa9e132580","src/stratbox/macrobanks/cbr_industries/README.md","d9ee7d6687676ba98ec2ac0f28485341fce82df3","core_implementation","public_repository","not_full_read","unaccounted","pending_destination"
"SB-SRC-0191","ForestTiger-GH/stratbox","8459dc58922b7e8df853cf1d9e8131fa9e132580","src/stratbox/macrobanks/cbr_industries/__init__.py","b0efc2477fc71ce8878a273583af81e7962ceb65","core_implementation","public_repository","not_full_read","unaccounted","pending_destination"
"SB-SRC-0192","ForestTiger-GH/stratbox","8459dc58922b7e8df853cf1d9e8131fa9e132580","src/stratbox/macrobanks/cbr_industries/contracts.py","38fdcce31b4314aa049c86f81e69a6abc5c787d9","core_implementation","public_repository","not_full_read","unaccounted","pending_destination"
"SB-SRC-0193","ForestTiger-GH/stratbox","8459dc58922b7e8df853cf1d9e8131fa9e132580","src/stratbox/macrobanks/cbr_industries/derived.py","585995f328ab54b099d2523b4c0988e0fabfcc10","core_implementation","public_repository","not_full_read","unaccounted","pending_destination"
"SB-SRC-0194","ForestTiger-GH/stratbox","8459dc58922b7e8df853cf1d9e8131fa9e132580","src/stratbox/macrobanks/cbr_industries/download.py","76c7385ee0ececf9ae354badb07af6797ca2666d","core_implementation","public_repository","not_full_read","unaccounted","pending_destination"
"SB-SRC-0195","ForestTiger-GH/stratbox","8459dc58922b7e8df853cf1d9e8131fa9e132580","src/stratbox/macrobanks/cbr_industries/export.py","7b755372f6afc5d5c4021faaa41f681da8a0f25a","core_implementation","public_repository","not_full_read","unaccounted","pending_destination"
"SB-SRC-0196","ForestTiger-GH/stratbox","8459dc58922b7e8df853cf1d9e8131fa9e132580","src/stratbox/macrobanks/cbr_industries/operations.py","ced4832e63c1bc73dfa2c15813c6b83f6277611d","core_implementation","public_repository","not_full_read","unaccounted","pending_destination"
"SB-SRC-0197","ForestTiger-GH/stratbox","8459dc58922b7e8df853cf1d9e8131fa9e132580","src/stratbox/macrobanks/cbr_industries/parser.py","658059448608ae7dd17bbd1977ba6c1f375c76f8","core_implementation","public_repository","not_full_read","unaccounted","pending_destination"
"SB-SRC-0198","ForestTiger-GH/stratbox","8459dc58922b7e8df853cf1d9e8131fa9e132580","src/stratbox/macrobanks/cbr_industries/pivots.py","df044f0acdcb6b70543c580566cc42fda12565f7","core_implementation","public_repository","not_full_read","unaccounted","pending_destination"
"SB-SRC-0199","ForestTiger-GH/stratbox","8459dc58922b7e8df853cf1d9e8131fa9e132580","src/stratbox/macrobanks/cbr_industries/regions.py","a23db77e373f94950cf5b1ec63d260f59c7cfdbf","core_implementation","public_repository","not_full_read","unaccounted","pending_destination"
"SB-SRC-0200","ForestTiger-GH/stratbox","8459dc58922b7e8df853cf1d9e8131fa9e132580","src/stratbox/macrobanks/cbr_industries/schema.py","5776d9234262ad91260a29d73b10315fe452c76e","core_implementation","public_repository","not_full_read","unaccounted","pending_destination"
"SB-SRC-0201","ForestTiger-GH/stratbox","8459dc58922b7e8df853cf1d9e8131fa9e132580","src/stratbox/macrobanks/cbr_industries/sources.py","81cb7162f2528c5ca22be8e83bee2136005d2cf1","core_implementation","public_repository","not_full_read","unaccounted","pending_destination"
"SB-SRC-0202","ForestTiger-GH/stratbox","8459dc58922b7e8df853cf1d9e8131fa9e132580","src/stratbox/macrobanks/cbr_sors_restoration/README.md","c738a85167cc0987dd315b7c76e289d10e432e5f","core_implementation","public_repository","not_full_read","unaccounted","pending_destination"
"SB-SRC-0203","ForestTiger-GH/stratbox","8459dc58922b7e8df853cf1d9e8131fa9e132580","src/stratbox/macrobanks/cbr_sors_restoration/__init__.py","320eaa2414ef2cd3588359bb2ef896174bea0567","core_implementation","public_repository","not_full_read","unaccounted","pending_destination"
"SB-SRC-0204","ForestTiger-GH/stratbox","8459dc58922b7e8df853cf1d9e8131fa9e132580","src/stratbox/macrobanks/cbr_sors_restoration/contracts.py","e06600c1dca5644610ac9f1056463b226f3b54f0","core_implementation","public_repository","not_full_read","unaccounted","pending_destination"
"SB-SRC-0205","ForestTiger-GH/stratbox","8459dc58922b7e8df853cf1d9e8131fa9e132580","src/stratbox/macrobanks/cbr_sors_restoration/crosswalk/__init__.py","aaefb355ef75a474a7c80805947ecaac7e10c23b","core_implementation","public_repository","not_full_read","unaccounted","pending_destination"
"SB-SRC-0206","ForestTiger-GH/stratbox","8459dc58922b7e8df853cf1d9e8131fa9e132580","src/stratbox/macrobanks/cbr_sors_restoration/crosswalk/_resources/atom_class_edges.csv","020ddb21945b7c1e8674e51dc77581fc35b03362","core_implementation","public_repository","not_full_read","unaccounted","pending_destination"
"SB-SRC-0207","ForestTiger-GH/stratbox","8459dc58922b7e8df853cf1d9e8131fa9e132580","src/stratbox/macrobanks/cbr_sors_restoration/crosswalk/_resources/crosswalk_manifest.json","07f433e1048fddb2a64fd57c5542a80ae1fca070","core_implementation","public_repository","not_full_read","unaccounted","pending_destination"
"SB-SRC-0208","ForestTiger-GH/stratbox","8459dc58922b7e8df853cf1d9e8131fa9e132580","src/stratbox/macrobanks/cbr_sors_restoration/crosswalk/_resources/legacy_atoms.csv","4a9b16f4cce1d7ee57de30202fa4218bbe4a0e45","core_implementation","public_repository","not_full_read","unaccounted","pending_destination"
"SB-SRC-0209","ForestTiger-GH/stratbox","8459dc58922b7e8df853cf1d9e8131fa9e132580","src/stratbox/macrobanks/cbr_sors_restoration/crosswalk/_resources/legacy_node_membership.csv","00c23c46caac7d917174112181db14a1f85e3934","core_implementation","public_repository","not_full_read","unaccounted","pending_destination"
"SB-SRC-0210","ForestTiger-GH/stratbox","8459dc58922b7e8df853cf1d9e8131fa9e132580","src/stratbox/macrobanks/cbr_sors_restoration/crosswalk/closure.py","520999090d65fce24e9077b8006d07e29c3bb360","core_implementation","public_repository","not_full_read","unaccounted","pending_destination"
"SB-SRC-0211","ForestTiger-GH/stratbox","8459dc58922b7e8df853cf1d9e8131fa9e132580","src/stratbox/macrobanks/cbr_sors_restoration/crosswalk/mapping.py","612e968cab2786d2928e36810e73b15db56b54ec","core_implementation","public_repository","not_full_read","unaccounted","pending_destination"
"SB-SRC-0212","ForestTiger-GH/stratbox","8459dc58922b7e8df853cf1d9e8131fa9e132580","src/stratbox/macrobanks/cbr_sors_restoration/crosswalk/operations.py","d85bda22e3da142a2f4e0096be52828e8a7094a0","core_implementation","public_repository","not_full_read","unaccounted","pending_destination"
"SB-SRC-0213","ForestTiger-GH/stratbox","8459dc58922b7e8df853cf1d9e8131fa9e132580","src/stratbox/macrobanks/cbr_sors_restoration/crosswalk/problem.py","8f6e3e733a06390e9bc54ef0cefb02bdfa37ab4f","core_implementation","public_repository","not_full_read","unaccounted","pending_destination"
"SB-SRC-0214","ForestTiger-GH/stratbox","8459dc58922b7e8df853cf1d9e8131fa9e132580","src/stratbox/macrobanks/cbr_sors_restoration/evidence.py","294f82499fb58b9800b51150353a16d7131e845b","core_implementation","public_repository","not_full_read","unaccounted","pending_destination"
"SB-SRC-0215","ForestTiger-GH/stratbox","8459dc58922b7e8df853cf1d9e8131fa9e132580","src/stratbox/macrobanks/cbr_sors_restoration/export.py","38f86287b8fdea5e60c860aa18771a12cac3399c","core_implementation","public_repository","not_full_read","unaccounted","pending_destination"
"SB-SRC-0216","ForestTiger-GH/stratbox","8459dc58922b7e8df853cf1d9e8131fa9e132580","src/stratbox/macrobanks/cbr_sors_restoration/linear/__init__.py","0f29d96e2bbea51ede3345bf5ae707760ed87ec5","core_implementation","public_repository","not_full_read","unaccounted","pending_destination"
"SB-SRC-0217","ForestTiger-GH/stratbox","8459dc58922b7e8df853cf1d9e8131fa9e132580","src/stratbox/macrobanks/cbr_sors_restoration/linear/contracts.py","4acc9bfb4b002d87a07f5e394d84f80ef461b162","core_implementation","public_repository","not_full_read","unaccounted","pending_destination"
"SB-SRC-0218","ForestTiger-GH/stratbox","8459dc58922b7e8df853cf1d9e8131fa9e132580","src/stratbox/macrobanks/cbr_sors_restoration/linear/elastic.py","c84b666fdc35a99ee0f9e5ecb05b81a42b494a2b","core_implementation","public_repository","not_full_read","unaccounted","pending_destination"
"SB-SRC-0219","ForestTiger-GH/stratbox","8459dc58922b7e8df853cf1d9e8131fa9e132580","src/stratbox/macrobanks/cbr_sors_restoration/linear/highs.py","2fccdfc3c0a3c0b6913df4055133aa3947c91521","core_implementation","public_repository","not_full_read","unaccounted","pending_destination"
"SB-SRC-0220","ForestTiger-GH/stratbox","8459dc58922b7e8df853cf1d9e8131fa9e132580","src/stratbox/macrobanks/cbr_sors_restoration/metrics.py","56081232afecf8e3f0212e3c3aec74cac387da81","core_implementation","public_repository","not_full_read","unaccounted","pending_destination"
"SB-SRC-0221","ForestTiger-GH/stratbox","8459dc58922b7e8df853cf1d9e8131fa9e132580","src/stratbox/macrobanks/cbr_sors_restoration/operations.py","2262c8b1e028ad753d4f94771aee3691f30356fb","core_implementation","public_repository","not_full_read","unaccounted","pending_destination"
"SB-SRC-0222","ForestTiger-GH/stratbox","8459dc58922b7e8df853cf1d9e8131fa9e132580","src/stratbox/macrobanks/cbr_sors_restoration/optimization/__init__.py","ceb3e098ac7240d27339165016f582f4af65b7f4","core_implementation","public_repository","not_full_read","unaccounted","pending_destination"
"SB-SRC-0223","ForestTiger-GH/stratbox","8459dc58922b7e8df853cf1d9e8131fa9e132580","src/stratbox/macrobanks/cbr_sors_restoration/optimization/distortion.py","b9503e15ec19b637fe71dd087446f480fa8eed41","core_implementation","public_repository","not_full_read","unaccounted","pending_destination"
"SB-SRC-0224","ForestTiger-GH/stratbox","8459dc58922b7e8df853cf1d9e8131fa9e132580","src/stratbox/macrobanks/cbr_sors_restoration/optimization/engine.py","0e4d49c462728cace23691bbdf70753a36c8d39f","core_implementation","public_repository","not_full_read","unaccounted","pending_destination"
"SB-SRC-0225","ForestTiger-GH/stratbox","8459dc58922b7e8df853cf1d9e8131fa9e132580","src/stratbox/macrobanks/cbr_sors_restoration/optimization/selection.py","d06cfd77f1dd901704d47832f3d6cda7710441f2","core_implementation","public_repository","not_full_read","unaccounted","pending_destination"
"SB-SRC-0226","ForestTiger-GH/stratbox","8459dc58922b7e8df853cf1d9e8131fa9e132580","src/stratbox/macrobanks/cbr_sors_restoration/optimization/targets.py","2a16d980ce035405dd544e85ca049a576ef37ace","core_implementation","public_repository","not_full_read","unaccounted","pending_destination"
"SB-SRC-0227","ForestTiger-GH/stratbox","8459dc58922b7e8df853cf1d9e8131fa9e132580","src/stratbox/macrobanks/cbr_sors_restoration/pivots.py","53ea2d846b615c50b8397e1e7e8cb79fcf4a532d","core_implementation","public_repository","not_full_read","unaccounted","pending_destination"
"SB-SRC-0228","ForestTiger-GH/stratbox","8459dc58922b7e8df853cf1d9e8131fa9e132580","src/stratbox/macrobanks/cbr_sors_restoration/portfolio.py","e41372948ff2f600a580e7a8bc0c1c770c9f9b04","core_implementation","public_repository","not_full_read","unaccounted","pending_destination"
"SB-SRC-0229","ForestTiger-GH/stratbox","8459dc58922b7e8df853cf1d9e8131fa9e132580","src/stratbox/macrobanks/cbr_sors_restoration/publication/__init__.py","554e90d67a48abe9bb1a4f27ec3907997cb05efe","core_implementation","public_repository","not_full_read","unaccounted","pending_destination"
"SB-SRC-0230","ForestTiger-GH/stratbox","8459dc58922b7e8df853cf1d9e8131fa9e132580","src/stratbox/macrobanks/cbr_sors_restoration/publication/closure.py","46e3ea21347b74d04a34a3eb2e88df598566c070","core_implementation","public_repository","not_full_read","unaccounted","pending_destination"
"SB-SRC-0231","ForestTiger-GH/stratbox","8459dc58922b7e8df853cf1d9e8131fa9e132580","src/stratbox/macrobanks/cbr_sors_restoration/publication/inheritance.py","f57e1b3a916dcb71cefb5a2577f56e8fb2644954","core_implementation","public_repository","not_full_read","unaccounted","pending_destination"
"SB-SRC-0232","ForestTiger-GH/stratbox","8459dc58922b7e8df853cf1d9e8131fa9e132580","src/stratbox/macrobanks/cbr_sors_restoration/publication/ledger.py","9a202c7e8e1ea9abaa71eb1c024c696714183819","core_implementation","public_repository","not_full_read","unaccounted","pending_destination"
"SB-SRC-0233","ForestTiger-GH/stratbox","8459dc58922b7e8df853cf1d9e8131fa9e132580","src/stratbox/macrobanks/cbr_sors_restoration/publication/partitions.py","c18ff835b97f066f458440ad141ceca50262dda9","core_implementation","public_repository","not_full_read","unaccounted","pending_destination"
"SB-SRC-0234","ForestTiger-GH/stratbox","8459dc58922b7e8df853cf1d9e8131fa9e132580","src/stratbox/macrobanks/cbr_sors_restoration/publication/rounding.py","41edb3f38a2741c15ce626a645ee529f6b5399a6","core_implementation","public_repository","not_full_read","unaccounted","pending_destination"
"SB-SRC-0235","ForestTiger-GH/stratbox","8459dc58922b7e8df853cf1d9e8131fa9e132580","src/stratbox/macrobanks/cbr_sors_restoration/publication/tokens.py","44e5a206a2e403aeb09190cad6b2b7f8ca14e1e9","core_implementation","public_repository","not_full_read","unaccounted","pending_destination"
"SB-SRC-0236","ForestTiger-GH/stratbox","8459dc58922b7e8df853cf1d9e8131fa9e132580","src/stratbox/macrobanks/cbr_sors_restoration/registries/__init__.py","e69de29bb2d1d6434b8b29ae775ad8c2e48c5391","core_implementation","public_repository","not_full_read","unaccounted","pending_destination"
"SB-SRC-0237","ForestTiger-GH/stratbox","8459dc58922b7e8df853cf1d9e8131fa9e132580","src/stratbox/macrobanks/cbr_sors_restoration/registries/geography.py","d72dfa9aeebec293b7ea4bc0f02d9e3fe7c37d53","core_implementation","public_repository","not_full_read","unaccounted","pending_destination"
"SB-SRC-0238","ForestTiger-GH/stratbox","8459dc58922b7e8df853cf1d9e8131fa9e132580","src/stratbox/macrobanks/cbr_sors_restoration/registries/okved2.py","7e9ae0f8112e483a86649d6ea68cd69a1aa7f581","core_implementation","public_repository","not_full_read","unaccounted","pending_destination"
"SB-SRC-0239","ForestTiger-GH/stratbox","8459dc58922b7e8df853cf1d9e8131fa9e132580","src/stratbox/macrobanks/cbr_sors_restoration/registries/publication_categories.py","b34ce838812c7da49f07e839ffe2c72d22558759","core_implementation","public_repository","not_full_read","unaccounted","pending_destination"
"SB-SRC-0240","ForestTiger-GH/stratbox","8459dc58922b7e8df853cf1d9e8131fa9e132580","src/stratbox/macrobanks/cbr_sors_restoration/result_grid.py","73163c3580a217f7227e3a6ee35f416669703562","core_implementation","public_repository","not_full_read","unaccounted","pending_destination"
"SB-SRC-0241","ForestTiger-GH/stratbox","8459dc58922b7e8df853cf1d9e8131fa9e132580","src/stratbox/macrobanks/cbr_sors_restoration/results.py","a2af2daada87f4d28aa7ed13c714617512387419","core_implementation","public_repository","not_full_read","unaccounted","pending_destination"
"SB-SRC-0242","ForestTiger-GH/stratbox","8459dc58922b7e8df853cf1d9e8131fa9e132580","src/stratbox/macrobanks/cbr_sors_restoration/schema.py","97b12b7c0e67a2e53e3dc4f2cc393ce00d33ff78","core_implementation","public_repository","not_full_read","unaccounted","pending_destination"
"SB-SRC-0243","ForestTiger-GH/stratbox","8459dc58922b7e8df853cf1d9e8131fa9e132580","src/stratbox/macrobanks/cbr_sors_restoration/sources/__init__.py","225790758ab2ec0605f15f72370a015360642845","core_implementation","public_repository","not_full_read","unaccounted","pending_destination"
"SB-SRC-0244","ForestTiger-GH/stratbox","8459dc58922b7e8df853cf1d9e8131fa9e132580","src/stratbox/macrobanks/cbr_sors_restoration/sources/common.py","8e2acf7394f803bd15bf5d6c1cc0fc780c920b45","core_implementation","public_repository","not_full_read","unaccounted","pending_destination"
"SB-SRC-0245","ForestTiger-GH/stratbox","8459dc58922b7e8df853cf1d9e8131fa9e132580","src/stratbox/macrobanks/cbr_sors_restoration/sources/federal_district_okved2.py","7696da953ab3e0385035589668489b82cfe0b826","core_implementation","public_repository","not_full_read","unaccounted","pending_destination"
"SB-SRC-0246","ForestTiger-GH/stratbox","8459dc58922b7e8df853cf1d9e8131fa9e132580","src/stratbox/macrobanks/cbr_sors_restoration/sources/loader.py","81995441057bf1c4129c253ef0890b764f078f4e","core_implementation","public_repository","not_full_read","unaccounted","pending_destination"
"SB-SRC-0247","ForestTiger-GH/stratbox","8459dc58922b7e8df853cf1d9e8131fa9e132580","src/stratbox/macrobanks/cbr_sors_restoration/sources/national_common.py","ef252cf3535cd13bc7b9b47b0de221cb4d2b0a1e","core_implementation","public_repository","not_full_read","unaccounted","pending_destination"
"SB-SRC-0248","ForestTiger-GH/stratbox","8459dc58922b7e8df853cf1d9e8131fa9e132580","src/stratbox/macrobanks/cbr_sors_restoration/sources/national_okved2.py","ed776e4922d9095329d1ea81cec395a584abce4b","core_implementation","public_repository","not_full_read","unaccounted","pending_destination"
"SB-SRC-0249","ForestTiger-GH/stratbox","8459dc58922b7e8df853cf1d9e8131fa9e132580","src/stratbox/macrobanks/cbr_sors_restoration/sources/national_traditional.py","2cc78d19f85107c44b0c8274317e15a5adb25de8","core_implementation","public_repository","not_full_read","unaccounted","pending_destination"
"SB-SRC-0250","ForestTiger-GH/stratbox","8459dc58922b7e8df853cf1d9e8131fa9e132580","src/stratbox/macrobanks/cbr_sors_restoration/sources/regional_totals.py","e4e16dd12a77b85ffc4c811a593e6a8fff4ed1ad","core_implementation","public_repository","not_full_read","unaccounted","pending_destination"
"SB-SRC-0251","ForestTiger-GH/stratbox","8459dc58922b7e8df853cf1d9e8131fa9e132580","src/stratbox/macrobanks/cbr_sors_restoration/sources/regional_traditional.py","95d4963ed0e578825a8ac4ab996308829ffa9c57","core_implementation","public_repository","not_full_read","unaccounted","pending_destination"
"SB-SRC-0252","ForestTiger-GH/stratbox","8459dc58922b7e8df853cf1d9e8131fa9e132580","src/stratbox/macrobanks/cbr_sors_restoration/sources/sme.py","ba7c6dd037ac5b139043f2b43f3048636b107786","core_implementation","public_repository","not_full_read","unaccounted","pending_destination"
"SB-SRC-0253","ForestTiger-GH/stratbox","8459dc58922b7e8df853cf1d9e8131fa9e132580","src/stratbox/macrobanks/cbr_sors_restoration/sources/validation.py","1adfa332e887db6d788ad9ccd8c82961a9c3a32c","core_implementation","public_repository","not_full_read","unaccounted","pending_destination"
"SB-SRC-0254","ForestTiger-GH/stratbox","8459dc58922b7e8df853cf1d9e8131fa9e132580","src/stratbox/macrobanks/cbr_sors_restoration/strict/__init__.py","c353c6b7f0766a8c2f3418eb2c5411df7da3e0c5","core_implementation","public_repository","not_full_read","unaccounted","pending_destination"
"SB-SRC-0255","ForestTiger-GH/stratbox","8459dc58922b7e8df853cf1d9e8131fa9e132580","src/stratbox/macrobanks/cbr_sors_restoration/strict/certification.py","e886d97f2c32d6130db1018ad71db9697fa60bc8","core_implementation","public_repository","not_full_read","unaccounted","pending_destination"
"SB-SRC-0256","ForestTiger-GH/stratbox","8459dc58922b7e8df853cf1d9e8131fa9e132580","src/stratbox/macrobanks/cbr_sors_restoration/strict/compiler.py","8e4f70d9a04490659fabc8ef0828386c21c8b5d2","core_implementation","public_repository","not_full_read","unaccounted","pending_destination"
"SB-SRC-0257","ForestTiger-GH/stratbox","8459dc58922b7e8df853cf1d9e8131fa9e132580","src/stratbox/macrobanks/cbr_sors_restoration/strict/interval_closure.py","3a621ebabb79a37f93899ee3dcd08b1d17a32ce9","core_implementation","public_repository","not_full_read","unaccounted","pending_destination"
"SB-SRC-0258","ForestTiger-GH/stratbox","8459dc58922b7e8df853cf1d9e8131fa9e132580","src/stratbox/macrobanks/cbr_sors_restoration/strict/quantities.py","b00e67c48d6b900f83366883926e3ac20daeacbb","core_implementation","public_repository","not_full_read","unaccounted","pending_destination"
"SB-SRC-0259","ForestTiger-GH/stratbox","8459dc58922b7e8df853cf1d9e8131fa9e132580","src/stratbox/macrobanks/cbr_sors_restoration/strict/reduction.py","4c2e5a4b659fa3ca60f058e96ecc2498965c261e","core_implementation","public_repository","not_full_read","unaccounted","pending_destination"
"SB-SRC-0260","ForestTiger-GH/stratbox","8459dc58922b7e8df853cf1d9e8131fa9e132580","src/stratbox/macrobanks/cbr_sors_restoration/strict/solver.py","7b8b831bc9781081296edf590cec6c03030aa180","core_implementation","public_repository","not_full_read","unaccounted","pending_destination"
"SB-SRC-0261","ForestTiger-GH/stratbox","8459dc58922b7e8df853cf1d9e8131fa9e132580","src/stratbox/macrobanks/escrow/README.md","54fca26f5ca2affd8b188dd2b9315bb20af41335","core_implementation","public_repository","not_full_read","unaccounted","pending_destination"
"SB-SRC-0262","ForestTiger-GH/stratbox","8459dc58922b7e8df853cf1d9e8131fa9e132580","src/stratbox/macrobanks/escrow/__init__.py","431fea01ec75819dfb7b1b367aa5ac9f30776a06","core_implementation","public_repository","not_full_read","unaccounted","pending_destination"
"SB-SRC-0263","ForestTiger-GH/stratbox","8459dc58922b7e8df853cf1d9e8131fa9e132580","src/stratbox/macrobanks/escrow/columns.py","ad8d9ecfc87b7e6af3e7fefac0542080a86e65e7","core_implementation","public_repository","not_full_read","unaccounted","pending_destination"
"SB-SRC-0264","ForestTiger-GH/stratbox","8459dc58922b7e8df853cf1d9e8131fa9e132580","src/stratbox/macrobanks/escrow/contracts.py","6c6164891609bea74e064b0fa08e399269472f49","core_implementation","public_repository","not_full_read","unaccounted","pending_destination"
"SB-SRC-0265","ForestTiger-GH/stratbox","8459dc58922b7e8df853cf1d9e8131fa9e132580","src/stratbox/macrobanks/escrow/download.py","62c343b331c1bde864c3f76e9bcb5df6d4534d0a","core_implementation","public_repository","not_full_read","unaccounted","pending_destination"
"SB-SRC-0266","ForestTiger-GH/stratbox","8459dc58922b7e8df853cf1d9e8131fa9e132580","src/stratbox/macrobanks/escrow/export.py","56dd99c7c092862f43ba0e7f4b2f51d7c3de7e71","core_implementation","public_repository","not_full_read","unaccounted","pending_destination"
"SB-SRC-0267","ForestTiger-GH/stratbox","8459dc58922b7e8df853cf1d9e8131fa9e132580","src/stratbox/macrobanks/escrow/operations.py","c8427310fa235146954ff3e24b63f8d24dcb1f0b","core_implementation","public_repository","not_full_read","unaccounted","pending_destination"
"SB-SRC-0268","ForestTiger-GH/stratbox","8459dc58922b7e8df853cf1d9e8131fa9e132580","src/stratbox/macrobanks/escrow/parser.py","c26a512fbe518c2d9b57d73ce06735b811b33dd2","core_implementation","public_repository","not_full_read","unaccounted","pending_destination"
"SB-SRC-0269","ForestTiger-GH/stratbox","8459dc58922b7e8df853cf1d9e8131fa9e132580","src/stratbox/macrobanks/escrow/pivots.py","90f5ce2a88bb6669ad8ae65b26675f1c01a8eac0","core_implementation","public_repository","not_full_read","unaccounted","pending_destination"
"SB-SRC-0270","ForestTiger-GH/stratbox","8459dc58922b7e8df853cf1d9e8131fa9e132580","src/stratbox/macrobanks/escrow/regions.py","6a79096a5ef78dd419dd193b05dcae732ce8fa14","core_implementation","public_repository","not_full_read","unaccounted","pending_destination"
"SB-SRC-0271","ForestTiger-GH/stratbox","8459dc58922b7e8df853cf1d9e8131fa9e132580","src/stratbox/macrobanks/escrow/rows.py","2ea1b77db0b8249bb017e19dd7b2df9b7f5d0516","core_implementation","public_repository","not_full_read","unaccounted","pending_destination"
"SB-SRC-0272","ForestTiger-GH/stratbox","8459dc58922b7e8df853cf1d9e8131fa9e132580","src/stratbox/macrobanks/escrow/sources.py","32990201de96df3460aa4239a4b097d656377fc0","core_implementation","public_repository","not_full_read","unaccounted","pending_destination"
"SB-SRC-0273","ForestTiger-GH/stratbox","8459dc58922b7e8df853cf1d9e8131fa9e132580","src/stratbox/macrobanks/escrow/workbook.py","ff5a056d06268756bf0c693003599ec64f0c097f","core_implementation","public_repository","not_full_read","unaccounted","pending_destination"
"SB-SRC-0274","ForestTiger-GH/stratbox","8459dc58922b7e8df853cf1d9e8131fa9e132580","src/stratbox/macrobanks/frg/README.md","c106f599c276d63f3cd24b1712e78ba7bfc24c18","core_implementation","public_repository","not_full_read","unaccounted","pending_destination"
"SB-SRC-0275","ForestTiger-GH/stratbox","8459dc58922b7e8df853cf1d9e8131fa9e132580","src/stratbox/macrobanks/frg/__init__.py","b9692e47b72b753a92f9cada5e37d6050d4bb00f","core_implementation","public_repository","not_full_read","unaccounted","pending_destination"
"SB-SRC-0276","ForestTiger-GH/stratbox","8459dc58922b7e8df853cf1d9e8131fa9e132580","src/stratbox/macrobanks/frg/api.py","25d53f4502242a2979f0bc5dd2ea1c4faf8ff807","core_implementation","public_repository","not_full_read","unaccounted","pending_destination"
"SB-SRC-0277","ForestTiger-GH/stratbox","8459dc58922b7e8df853cf1d9e8131fa9e132580","src/stratbox/macrobanks/frg/catalog.py","96ddada38260d6e676fa68f73f48ecc35f9879ad","core_implementation","public_repository","not_full_read","unaccounted","pending_destination"
"SB-SRC-0278","ForestTiger-GH/stratbox","8459dc58922b7e8df853cf1d9e8131fa9e132580","src/stratbox/macrobanks/frg/cleanup.py","a51e1a905ddc9290dc1593e6d887564714b0bce4","core_implementation","public_repository","not_full_read","unaccounted","pending_destination"
"SB-SRC-0279","ForestTiger-GH/stratbox","8459dc58922b7e8df853cf1d9e8131fa9e132580","src/stratbox/macrobanks/frg/dispatch.py","4d6af311a0ff85f5d3b9e02d70823c629a4acaa2","core_implementation","public_repository","not_full_read","unaccounted","pending_destination"
"SB-SRC-0280","ForestTiger-GH/stratbox","8459dc58922b7e8df853cf1d9e8131fa9e132580","src/stratbox/macrobanks/frg/filename_scheme.py","58e408d55f9d6f5a6ab96f0f37129ac99fa4f555","core_implementation","public_repository","not_full_read","unaccounted","pending_destination"
"SB-SRC-0281","ForestTiger-GH/stratbox","8459dc58922b7e8df853cf1d9e8131fa9e132580","src/stratbox/macrobanks/frg/models.py","6c7c79ee80116e6b2b2173c3034e3b894413671c","core_implementation","public_repository","not_full_read","unaccounted","pending_destination"
"SB-SRC-0282","ForestTiger-GH/stratbox","8459dc58922b7e8df853cf1d9e8131fa9e132580","src/stratbox/macrobanks/frg/naming.py","3d5f8bd1b3cf757545ae41efaf10e47401656333","core_implementation","public_repository","not_full_read","unaccounted","pending_destination"
"SB-SRC-0283","ForestTiger-GH/stratbox","8459dc58922b7e8df853cf1d9e8131fa9e132580","src/stratbox/macrobanks/frg/parsers/__init__.py","f4f48d567d06deda106e47c373508b6185fe747b","core_implementation","public_repository","not_full_read","unaccounted","pending_destination"
"SB-SRC-0284","ForestTiger-GH/stratbox","8459dc58922b7e8df853cf1d9e8131fa9e132580","src/stratbox/macrobanks/frg/parsers/express.py","3322ab7fcb52d26f0a534bf2db8708801da8ee7a","core_implementation","public_repository","not_full_read","unaccounted","pending_destination"
"SB-SRC-0285","ForestTiger-GH/stratbox","8459dc58922b7e8df853cf1d9e8131fa9e132580","src/stratbox/macrobanks/frg/parsers/rbm.py","056a8acec4e3e5486f0687c20e03499cb1dc113b","core_implementation","public_repository","not_full_read","unaccounted","pending_destination"
"SB-SRC-0286","ForestTiger-GH/stratbox","8459dc58922b7e8df853cf1d9e8131fa9e132580","src/stratbox/macrobanks/frg/parsers/regional.py","c58c49f0e959a85a1a216ab6b44d2b6226f75634","core_implementation","public_repository","not_full_read","unaccounted","pending_destination"
"SB-SRC-0287","ForestTiger-GH/stratbox","8459dc58922b7e8df853cf1d9e8131fa9e132580","src/stratbox/macrobanks/frg/parsers/special.py","9f2c052ec5d6db04b62f920dd545e11440916511","core_implementation","public_repository","not_full_read","unaccounted","pending_destination"
"SB-SRC-0288","ForestTiger-GH/stratbox","8459dc58922b7e8df853cf1d9e8131fa9e132580","src/stratbox/macrobanks/frg/registry.py","df9df5391b8cb9d2a2fc88d7f337ccc32f15a51e","core_implementation","public_repository","not_full_read","unaccounted","pending_destination"
"SB-SRC-0289","ForestTiger-GH/stratbox","8459dc58922b7e8df853cf1d9e8131fa9e132580","src/stratbox/macrobanks/frg/run_scan_debug.py","a41aca15d903544fd9fbbe21baf6f2e2a94dcbe3","core_implementation","public_repository","not_full_read","unaccounted","pending_destination"
"SB-SRC-0290","ForestTiger-GH/stratbox","8459dc58922b7e8df853cf1d9e8131fa9e132580","src/stratbox/macrobanks/frg/selection.py","a88af608462975e0e51f11cf7caf0c263cb201dc","core_implementation","public_repository","not_full_read","unaccounted","pending_destination"
"SB-SRC-0291","ForestTiger-GH/stratbox","8459dc58922b7e8df853cf1d9e8131fa9e132580","src/stratbox/registries/README.md","2b5d1f45ef1f40624a1726c35276ac54958fa046","core_implementation","public_repository","not_full_read","unaccounted","pending_destination"
"SB-SRC-0292","ForestTiger-GH/stratbox","8459dc58922b7e8df853cf1d9e8131fa9e132580","src/stratbox/registries/__init__.py","150e4629e0adac065b94f4cb01d1af8b3c1d8c35","core_implementation","public_repository","not_full_read","unaccounted","pending_destination"
"SB-SRC-0293","ForestTiger-GH/stratbox","8459dc58922b7e8df853cf1d9e8131fa9e132580","src/stratbox/registries/_loader.py","b5d4ae9adda60808df84da20ecd648fcd595ec7e","core_implementation","public_repository","not_full_read","unaccounted","pending_destination"
"SB-SRC-0294","ForestTiger-GH/stratbox","8459dc58922b7e8df853cf1d9e8131fa9e132580","src/stratbox/registries/_resources/README.md","de72d71b5adef625633becd39e1fdc4335436972","core_implementation","public_repository","not_full_read","unaccounted","pending_destination"
"SB-SRC-0295","ForestTiger-GH/stratbox","8459dc58922b7e8df853cf1d9e8131fa9e132580","src/stratbox/registries/_resources/cbr_banks/RC_F02_02_2026_T02_02_2026.xlsx","215712e60c8717f98586770212701c3bf21a9afe","core_implementation","public_repository","not_full_read","unaccounted","pending_destination"
"SB-SRC-0296","ForestTiger-GH/stratbox","8459dc58922b7e8df853cf1d9e8131fa9e132580","src/stratbox/registries/_resources/cbr_banks/README.md","bd5bb96f5b2e751e1b3f0c88b2a956eaed9e322e","core_implementation","public_repository","not_full_read","unaccounted","pending_destination"
"SB-SRC-0297","ForestTiger-GH/stratbox","8459dc58922b7e8df853cf1d9e8131fa9e132580","src/stratbox/registries/_resources/cbr_legacy/README.md","2e424d9348c3ad737658f99fdcdd0aba70f1dbb3","core_implementation","public_repository","not_full_read","unaccounted","pending_destination"
"SB-SRC-0298","ForestTiger-GH/stratbox","8459dc58922b7e8df853cf1d9e8131fa9e132580","src/stratbox/registries/_resources/cbr_legacy/cbr_legacy.csv","8b0801be555d73ca67b1321d798cd52d64b2f535","core_implementation","public_repository","not_full_read","unaccounted","pending_destination"
"SB-SRC-0299","ForestTiger-GH/stratbox","8459dc58922b7e8df853cf1d9e8131fa9e132580","src/stratbox/registries/_resources/cbr_replacements/README.md","74c32117a351f04442a577a7ed6d49978f944fba","core_implementation","public_repository","not_full_read","unaccounted","pending_destination"
"SB-SRC-0300","ForestTiger-GH/stratbox","8459dc58922b7e8df853cf1d9e8131fa9e132580","src/stratbox/registries/_resources/cbr_replacements/cbr_replacements.csv","cde8904ab0078e855e2eb5876778f33cec9ea562","core_implementation","public_repository","not_full_read","unaccounted","pending_destination"
"SB-SRC-0301","ForestTiger-GH/stratbox","8459dc58922b7e8df853cf1d9e8131fa9e132580","src/stratbox/registries/_resources/cbr_standart/README.md","03d0e92d672a72cae3d356e5251e5757d4e598f2","core_implementation","public_repository","not_full_read","unaccounted","pending_destination"
"SB-SRC-0302","ForestTiger-GH/stratbox","8459dc58922b7e8df853cf1d9e8131fa9e132580","src/stratbox/registries/_resources/cbr_standart/cbr_standart.csv","290190ba4419a79d148d9991fa5bd60b011d1bfc","core_implementation","public_repository","not_full_read","unaccounted","pending_destination"
"SB-SRC-0303","ForestTiger-GH/stratbox","8459dc58922b7e8df853cf1d9e8131fa9e132580","src/stratbox/registries/_resources/rosstat_okved2/README.md","1b04ca8b22dbe0b9c217aeb6cd346947c3fda12d","core_implementation","public_repository","not_full_read","unaccounted","pending_destination"
"SB-SRC-0304","ForestTiger-GH/stratbox","8459dc58922b7e8df853cf1d9e8131fa9e132580","src/stratbox/registries/_resources/rosstat_okved2/data-20251101T1411-structure-20180402T1704.csv","9d7f108a63a752dc28a0e9167b20c1eb468a14c6","core_implementation","public_repository","not_full_read","unaccounted","pending_destination"
"SB-SRC-0305","ForestTiger-GH/stratbox","8459dc58922b7e8df853cf1d9e8131fa9e132580","src/stratbox/registries/_resources/rosstat_okved2/meta.csv","06cdb454179b52a7cf94ffe192077985cf72fa6b","core_implementation","public_repository","not_full_read","unaccounted","pending_destination"
"SB-SRC-0306","ForestTiger-GH/stratbox","8459dc58922b7e8df853cf1d9e8131fa9e132580","src/stratbox/registries/_resources/rosstat_okved2/structure-20180402T1704.csv","bc0a76bd72f6c1946a3c4fd914e567f696d59123","core_implementation","public_repository","not_full_read","unaccounted","pending_destination"
"SB-SRC-0307","ForestTiger-GH/stratbox","8459dc58922b7e8df853cf1d9e8131fa9e132580","src/stratbox/registries/cbr_banks.py","84eddd73aa612f5130b4fc9e96608ba1d63d51b2","core_implementation","public_repository","not_full_read","unaccounted","pending_destination"
"SB-SRC-0308","ForestTiger-GH/stratbox","8459dc58922b7e8df853cf1d9e8131fa9e132580","src/stratbox/registries/rosstat_okved2.py","2ac522d2791d271d9ec56874df292b2f08e49876","core_implementation","public_repository","not_full_read","unaccounted","pending_destination"
"SB-SRC-0309","ForestTiger-GH/stratbox","8459dc58922b7e8df853cf1d9e8131fa9e132580","src/stratbox/text/__init__.py","375567175a7817cb2e43afcb21db3f53b2af3529","core_implementation","public_repository","not_full_read","unaccounted","pending_destination"
"SB-SRC-0310","ForestTiger-GH/stratbox","8459dc58922b7e8df853cf1d9e8131fa9e132580","src/stratbox/text/banks.py","86052bc5d9176104239fc63b92f473d402e85140","core_implementation","public_repository","not_full_read","unaccounted","pending_destination"
"SB-SRC-0311","ForestTiger-GH/stratbox","8459dc58922b7e8df853cf1d9e8131fa9e132580","tests/cbr_sors_restoration/conftest.py","dbff4a50bf064f252aa6f9bfeeafdb6a148066b0","core_test","public_repository","not_full_read","unaccounted","pending_destination"
"SB-SRC-0312","ForestTiger-GH/stratbox","8459dc58922b7e8df853cf1d9e8131fa9e132580","tests/cbr_sors_restoration/test_closure.py","01b98f9642b4f96c70c61d58f03d9f832420a75f","core_test","public_repository","not_full_read","unaccounted","pending_destination"
"SB-SRC-0313","ForestTiger-GH/stratbox","8459dc58922b7e8df853cf1d9e8131fa9e132580","tests/cbr_sors_restoration/test_contracts.py","c961fb3370529ed01d3fe8fd5f3313329bf15ddb","core_test","public_repository","not_full_read","unaccounted","pending_destination"
"SB-SRC-0314","ForestTiger-GH/stratbox","8459dc58922b7e8df853cf1d9e8131fa9e132580","tests/cbr_sors_restoration/test_crosswalk_closure.py","bbbf0918b0a854a6a6c41a42b6808db0eb05ccf2","core_test","public_repository","not_full_read","unaccounted","pending_destination"
"SB-SRC-0315","ForestTiger-GH/stratbox","8459dc58922b7e8df853cf1d9e8131fa9e132580","tests/cbr_sors_restoration/test_crosswalk_operations.py","97611d6f7f27a84f11985c589fac93e830993273","core_test","public_repository","not_full_read","unaccounted","pending_destination"
"SB-SRC-0316","ForestTiger-GH/stratbox","8459dc58922b7e8df853cf1d9e8131fa9e132580","tests/cbr_sors_restoration/test_crosswalk_problem.py","604c88b2ba0b43216d02477ac2c79716288e430a","core_test","public_repository","not_full_read","unaccounted","pending_destination"
"SB-SRC-0317","ForestTiger-GH/stratbox","8459dc58922b7e8df853cf1d9e8131fa9e132580","tests/cbr_sors_restoration/test_mapping.py","6b11d21d1fbb4f27571a878fda5e8c427fdd6fa7","core_test","public_repository","not_full_read","unaccounted","pending_destination"
"SB-SRC-0318","ForestTiger-GH/stratbox","8459dc58922b7e8df853cf1d9e8131fa9e132580","tests/cbr_sors_restoration/test_metrics_and_registries.py","154e86a75eb32efcdefd6e292b39134dd2ed7214","core_test","public_repository","not_full_read","unaccounted","pending_destination"
"SB-SRC-0319","ForestTiger-GH/stratbox","8459dc58922b7e8df853cf1d9e8131fa9e132580","tests/cbr_sors_restoration/test_pivots_and_export.py","012d6c5b2c10e9ec517dd97b680376ee784c285e","core_test","public_repository","not_full_read","unaccounted","pending_destination"
"SB-SRC-0320","ForestTiger-GH/stratbox","8459dc58922b7e8df853cf1d9e8131fa9e132580","tests/cbr_sors_restoration/test_publication.py","504e1121067c8420fbdd67837d77284575f33374","core_test","public_repository","not_full_read","unaccounted","pending_destination"
"SB-SRC-0321","ForestTiger-GH/stratbox","8459dc58922b7e8df853cf1d9e8131fa9e132580","tests/cbr_sors_restoration/test_publication_fixed_point.py","c8c18769288d496665ed074cf90118979f41ac85","core_test","public_repository","not_full_read","unaccounted","pending_destination"
"SB-SRC-0322","ForestTiger-GH/stratbox","8459dc58922b7e8df853cf1d9e8131fa9e132580","tests/cbr_sors_restoration/test_real_20260701_multiscope.py","bf56be0d947ae77706231c9f22a6a95a4e346579","core_test","public_repository","not_full_read","unaccounted","pending_destination"
"SB-SRC-0323","ForestTiger-GH/stratbox","8459dc58922b7e8df853cf1d9e8131fa9e132580","tests/cbr_sors_restoration/test_result_grid_provenance.py","5e36b03eb35828b8f2ae1adaefdcf0fdc057515d","core_test","public_repository","not_full_read","unaccounted","pending_destination"
"SB-SRC-0324","ForestTiger-GH/stratbox","8459dc58922b7e8df853cf1d9e8131fa9e132580","tests/cbr_sors_restoration/test_rounding_distortion.py","34590d33d047a8b5ce88f82220f4bebdad4266e5","core_test","public_repository","not_full_read","unaccounted","pending_destination"
"SB-SRC-0325","ForestTiger-GH/stratbox","8459dc58922b7e8df853cf1d9e8131fa9e132580","tests/cbr_sors_restoration/test_rounding_selection.py","b3f87f52acc49c849f3eff5b4d9cdb8407c9981b","core_test","public_repository","not_full_read","unaccounted","pending_destination"
"SB-SRC-0326","ForestTiger-GH/stratbox","8459dc58922b7e8df853cf1d9e8131fa9e132580","tests/cbr_sors_restoration/test_solver_dependency.py","132be91af27983207defce72b524a4cb07da2ff1","core_test","public_repository","not_full_read","unaccounted","pending_destination"
"SB-SRC-0327","ForestTiger-GH/stratbox","8459dc58922b7e8df853cf1d9e8131fa9e132580","tests/cbr_sors_restoration/test_strict_compiler.py","5d002bec9f8212fbfeb9328d1585aa2e4fb24e4b","core_test","public_repository","not_full_read","unaccounted","pending_destination"
"SB-SRC-0328","ForestTiger-GH/stratbox","8459dc58922b7e8df853cf1d9e8131fa9e132580","tests/conftest.py","f90e217c6152eac3e352f068ba53f2a1b5e95298","core_test","public_repository","not_full_read","unaccounted","pending_destination"
"SB-SRC-0329","ForestTiger-GH/stratbox","8459dc58922b7e8df853cf1d9e8131fa9e132580","tests/integration/cbr_sors_restoration/test_real_snapshot.py","c9474fe90b7e8704de15536af51f674b45545c6e","core_test","public_repository","not_full_read","unaccounted","pending_destination"
"SB-SRC-0330","ForestTiger-GH/stratbox","8459dc58922b7e8df853cf1d9e8131fa9e132580","tests/performance/cbr_sors_restoration/test_real_performance.py","93377512955b7a51a791f1fb63c173229a9c37ac","core_test","public_repository","not_full_read","unaccounted","pending_destination"
"SB-SRC-0331","ForestTiger-GH/stratbox","8459dc58922b7e8df853cf1d9e8131fa9e132580","tests/smoke/test_core_imports.py","5a95e12aa9174904f1c27b6c5567edc39943857e","core_test","public_repository","not_full_read","unaccounted","pending_destination"
"SB-SRC-0332","ForestTiger-GH/stratbox","8459dc58922b7e8df853cf1d9e8131fa9e132580","tests/unit/macrobanks/cbr_forms/test_excel_profiles.py","15fd2ab8e33e600bb30bbe83ddefffa71b976cc4","core_test","public_repository","not_full_read","unaccounted","pending_destination"
"SB-SRC-0333","ForestTiger-GH/stratbox","8459dc58922b7e8df853cf1d9e8131fa9e132580","tests/unit/macrobanks/cbr_forms/test_form802.py","a4562ed2099e969f3aed4555c758b84c50de88ad","core_test","public_repository","not_full_read","unaccounted","pending_destination"
"SB-SRC-0334","ForestTiger-GH/stratbox","8459dc58922b7e8df853cf1d9e8131fa9e132580","tests/unit/macrobanks/cbr_forms/test_models.py","485d0d6d3014f9a7e01b336ee9848fa9ea4729b7","core_test","public_repository","not_full_read","unaccounted","pending_destination"
"SB-SRC-0335","ForestTiger-GH/stratbox","8459dc58922b7e8df853cf1d9e8131fa9e132580","tests/unit/macrobanks/cbr_forms/test_optional_dbf_fields.py","4f437fab2a376acef54045781421bd54ded9b162","core_test","public_repository","not_full_read","unaccounted","pending_destination"
"SB-SRC-0336","ForestTiger-GH/stratbox","8459dc58922b7e8df853cf1d9e8131fa9e132580","tests/unit/macrobanks/test_cbr_industries_0105a_debt_corp.py","8825945fc9a7edc6b22f22837c5cc0ab60dfc646","core_test","public_repository","not_full_read","unaccounted","pending_destination"
"SB-SRC-0337","ForestTiger-GH/stratbox","8459dc58922b7e8df853cf1d9e8131fa9e132580","tests/unit/test_examples_exist.py","edcc221b500ea161694a8c7f2d662610e88c316b","core_test","public_repository","not_full_read","unaccounted","pending_destination"
"SB-SRC-0338","ForestTiger-GH/stratbox","8459dc58922b7e8df853cf1d9e8131fa9e132580","tests/unit/test_runtime_providers.py","e5d6b35de5b5cfb6cfd47591425682dc634abb34","core_test","public_repository","not_full_read","unaccounted","pending_destination"
"SB-SRC-0339","ForestTiger-GH/stratbox-windows","959e9c4ce1441124af5111c1e025041714e04d3b",".gitignore","623965bfeeec71e90515add7d1e0e73afd5d41b5","surface_implementation","public_repository","not_full_read","unaccounted","pending_destination"
"SB-SRC-0340","ForestTiger-GH/stratbox-windows","959e9c4ce1441124af5111c1e025041714e04d3b",".tmp/dev-workspace/.stratbox_windows/system/app.json","ba51f1057fcb947599c617c835d4bfef6cd2ab9a","generated_historical_artifact","public_repository","not_full_read","unaccounted","pending_destination"
"SB-SRC-0341","ForestTiger-GH/stratbox-windows","959e9c4ce1441124af5111c1e025041714e04d3b",".tmp/dev-workspace/.stratbox_windows/system/runtime/history/artifacts.json","0637a088a01e8ddab3bf3fa98dbe804cbde1a0dc","generated_historical_artifact","public_repository","not_full_read","unaccounted","pending_destination"
"SB-SRC-0342","ForestTiger-GH/stratbox-windows","959e9c4ce1441124af5111c1e025041714e04d3b",".tmp/dev-workspace/.stratbox_windows/system/runtime/history/assignments.json","0637a088a01e8ddab3bf3fa98dbe804cbde1a0dc","generated_historical_artifact","public_repository","not_full_read","unaccounted","pending_destination"
"SB-SRC-0343","ForestTiger-GH/stratbox-windows","959e9c4ce1441124af5111c1e025041714e04d3b",".tmp/dev-workspace/.stratbox_windows/system/runtime/history/cases.json","0637a088a01e8ddab3bf3fa98dbe804cbde1a0dc","generated_historical_artifact","public_repository","not_full_read","unaccounted","pending_destination"
"SB-SRC-0344","ForestTiger-GH/stratbox-windows","959e9c4ce1441124af5111c1e025041714e04d3b",".tmp/dev-workspace/.stratbox_windows/system/runtime/history/events.json","4d388aaec95e237bce0b4d1bff25c9308d0ca934","generated_historical_artifact","public_repository","not_full_read","unaccounted","pending_destination"
"SB-SRC-0345","ForestTiger-GH/stratbox-windows","959e9c4ce1441124af5111c1e025041714e04d3b",".tmp/dev-workspace/.stratbox_windows/system/runtime/history/logs.json","0637a088a01e8ddab3bf3fa98dbe804cbde1a0dc","generated_historical_artifact","public_repository","not_full_read","unaccounted","pending_destination"
"SB-SRC-0346","ForestTiger-GH/stratbox-windows","959e9c4ce1441124af5111c1e025041714e04d3b","README.md","76e153de63273dd08879c8f9970378b6a48e6a71","surface_implementation","public_repository","not_full_read","unaccounted","pending_destination"
"SB-SRC-0347","ForestTiger-GH/stratbox-windows","959e9c4ce1441124af5111c1e025041714e04d3b","appdock/manifest.json","98004fb56cb6e19c3c88990fd51d6aa7724828c9","surface_integration_manifest","public_repository","not_full_read","unaccounted","pending_destination"
"SB-SRC-0348","ForestTiger-GH/stratbox-windows","959e9c4ce1441124af5111c1e025041714e04d3b","docs/appdock-integration.md","02f975a0792ac1c2f396beef68ec6a6e50b51ba9","surface_documentation","public_repository","not_full_read","unaccounted","pending_destination"
"SB-SRC-0349","ForestTiger-GH/stratbox-windows","959e9c4ce1441124af5111c1e025041714e04d3b","docs/architecture.md","c48d39fd89309bef46ed82f8d7bfcc6b871d6beb","surface_documentation","public_repository","not_full_read","unaccounted","pending_destination"
"SB-SRC-0350","ForestTiger-GH/stratbox-windows","959e9c4ce1441124af5111c1e025041714e04d3b","docs/development.md","0e164b88a8ab940cfef33290337b0cc5a1e6ff69","surface_documentation","public_repository","not_full_read","unaccounted","pending_destination"
"SB-SRC-0351","ForestTiger-GH/stratbox-windows","959e9c4ce1441124af5111c1e025041714e04d3b","pyproject.toml","a9618a5c1f6db5cbd87f4266beadac82dc1a2d3a","surface_implementation","public_repository","not_full_read","unaccounted","pending_destination"
"SB-SRC-0352","ForestTiger-GH/stratbox-windows","959e9c4ce1441124af5111c1e025041714e04d3b","scripts/check_appdock_contract.py","a9ac6d1a0b01768aa43a40146dc515fb205c8484","surface_implementation","public_repository","not_full_read","unaccounted","pending_destination"
"SB-SRC-0353","ForestTiger-GH/stratbox-windows","959e9c4ce1441124af5111c1e025041714e04d3b","scripts/check_internal_imports.py","6131671f07d2d4c05057ecd50ec49ac25b796b14","surface_implementation","public_repository","not_full_read","unaccounted","pending_destination"
"SB-SRC-0354","ForestTiger-GH/stratbox-windows","959e9c4ce1441124af5111c1e025041714e04d3b","scripts/check_release_integrity.py","9e154b7ab90db8cb9485c2d5a9d724d1fea8fba7","surface_implementation","public_repository","not_full_read","unaccounted","pending_destination"
"SB-SRC-0355","ForestTiger-GH/stratbox-windows","959e9c4ce1441124af5111c1e025041714e04d3b","src/stratbox_windows/README.md","7e151573daf7cc04e2f598b2e1c6256dc0c3cf0e","surface_implementation","public_repository","not_full_read","unaccounted","pending_destination"
"SB-SRC-0356","ForestTiger-GH/stratbox-windows","959e9c4ce1441124af5111c1e025041714e04d3b","src/stratbox_windows/__init__.py","ee3d2372e7d3488d085717e6e19865e05b22a53b","surface_implementation","public_repository","not_full_read","unaccounted","pending_destination"
"SB-SRC-0357","ForestTiger-GH/stratbox-windows","959e9c4ce1441124af5111c1e025041714e04d3b","src/stratbox_windows/__main__.py","a09bb6ecb6976d1d2ce00b8050d791a3f2ef697a","surface_implementation","public_repository","not_full_read","unaccounted","pending_destination"
"SB-SRC-0358","ForestTiger-GH/stratbox-windows","959e9c4ce1441124af5111c1e025041714e04d3b","src/stratbox_windows/adapters/__init__.py","e69de29bb2d1d6434b8b29ae775ad8c2e48c5391","surface_implementation","public_repository","not_full_read","unaccounted","pending_destination"
"SB-SRC-0359","ForestTiger-GH/stratbox-windows","959e9c4ce1441124af5111c1e025041714e04d3b","src/stratbox_windows/adapters/appdock/__init__.py","0d5607d8b2b900432265ab9442ba2902a70dc5d8","surface_implementation","public_repository","not_full_read","unaccounted","pending_destination"
"SB-SRC-0360","ForestTiger-GH/stratbox-windows","959e9c4ce1441124af5111c1e025041714e04d3b","src/stratbox_windows/adapters/appdock/bridge.py","e363450a2bbd798aa249d6df62db14503b393c92","surface_implementation","public_repository","not_full_read","unaccounted","pending_destination"
"SB-SRC-0361","ForestTiger-GH/stratbox-windows","959e9c4ce1441124af5111c1e025041714e04d3b","src/stratbox_windows/adapters/appdock/entry.py","87e80cf4e8c30f4726419b30f41bfa43d0d7b5e9","surface_implementation","public_repository","not_full_read","unaccounted","pending_destination"
"SB-SRC-0362","ForestTiger-GH/stratbox-windows","959e9c4ce1441124af5111c1e025041714e04d3b","src/stratbox_windows/adapters/appdock/runtime_contracts.py","f9379f7a03ad67e7ecce4a4c2c920c579ea99ec6","surface_implementation","public_repository","not_full_read","unaccounted","pending_destination"
"SB-SRC-0363","ForestTiger-GH/stratbox-windows","959e9c4ce1441124af5111c1e025041714e04d3b","src/stratbox_windows/adapters/appdock/surface_state.py","bb2cc0b02d804b03af5f6a0f8a6621a5d5a2edf3","surface_implementation","public_repository","not_full_read","unaccounted","pending_destination"
"SB-SRC-0364","ForestTiger-GH/stratbox-windows","959e9c4ce1441124af5111c1e025041714e04d3b","src/stratbox_windows/adapters/desktop_host/__init__.py","727ec80bf536282c47e56921eca2f265a2d4104d","surface_implementation","public_repository","not_full_read","unaccounted","pending_destination"
"SB-SRC-0365","ForestTiger-GH/stratbox-windows","959e9c4ce1441124af5111c1e025041714e04d3b","src/stratbox_windows/adapters/desktop_host/services.py","634c7fb82e361d41cf1c255f1032eba06f5f0323","surface_implementation","public_repository","not_full_read","unaccounted","pending_destination"
"SB-SRC-0366","ForestTiger-GH/stratbox-windows","959e9c4ce1441124af5111c1e025041714e04d3b","src/stratbox_windows/application/__init__.py","e69de29bb2d1d6434b8b29ae775ad8c2e48c5391","surface_implementation","public_repository","not_full_read","unaccounted","pending_destination"
"SB-SRC-0367","ForestTiger-GH/stratbox-windows","959e9c4ce1441124af5111c1e025041714e04d3b","src/stratbox_windows/application/artifacts/__init__.py","83427dfa7e3905a949d1246008538590e6ee9aac","surface_implementation","public_repository","not_full_read","unaccounted","pending_destination"
"SB-SRC-0368","ForestTiger-GH/stratbox-windows","959e9c4ce1441124af5111c1e025041714e04d3b","src/stratbox_windows/application/artifacts/models.py","aafbd68ec9ab5ac526e02879a0ac9b149edda1c6","surface_implementation","public_repository","not_full_read","unaccounted","pending_destination"
"SB-SRC-0369","ForestTiger-GH/stratbox-windows","959e9c4ce1441124af5111c1e025041714e04d3b","src/stratbox_windows/application/artifacts/store.py","9c1c55d6356ece2b25ea3337258d873b3487ab7e","surface_implementation","public_repository","not_full_read","unaccounted","pending_destination"
"SB-SRC-0370","ForestTiger-GH/stratbox-windows","959e9c4ce1441124af5111c1e025041714e04d3b","src/stratbox_windows/application/assignments/__init__.py","6775399ae4017888f638b25874060ccf7df73e46","surface_implementation","public_repository","not_full_read","unaccounted","pending_destination"
"SB-SRC-0371","ForestTiger-GH/stratbox-windows","959e9c4ce1441124af5111c1e025041714e04d3b","src/stratbox_windows/application/assignments/models.py","8555abaa2a1ff0a38cfd99ba73a5625f2341273c","surface_implementation","public_repository","not_full_read","unaccounted","pending_destination"
"SB-SRC-0372","ForestTiger-GH/stratbox-windows","959e9c4ce1441124af5111c1e025041714e04d3b","src/stratbox_windows/application/assignments/store.py","c6049ec30e1ce2c807e3615722577ba47383ee3e","surface_implementation","public_repository","not_full_read","unaccounted","pending_destination"
"SB-SRC-0373","ForestTiger-GH/stratbox-windows","959e9c4ce1441124af5111c1e025041714e04d3b","src/stratbox_windows/application/background/__init__.py","edf389a7e6a31a66d1f364fc4e1d393beeaef75c","surface_implementation","public_repository","not_full_read","unaccounted","pending_destination"
"SB-SRC-0374","ForestTiger-GH/stratbox-windows","959e9c4ce1441124af5111c1e025041714e04d3b","src/stratbox_windows/application/background/models.py","33e00590b301366cefa10f1ae8c8505b9d75fc8f","surface_implementation","public_repository","not_full_read","unaccounted","pending_destination"
"SB-SRC-0375","ForestTiger-GH/stratbox-windows","959e9c4ce1441124af5111c1e025041714e04d3b","src/stratbox_windows/application/background/registry.py","88382904813f410ee25f37f37fd365731f890c9a","surface_implementation","public_repository","not_full_read","unaccounted","pending_destination"
"SB-SRC-0376","ForestTiger-GH/stratbox-windows","959e9c4ce1441124af5111c1e025041714e04d3b","src/stratbox_windows/application/background/store.py","d431b461a39857ed032957f852a1c2e7ca3c7705","surface_implementation","public_repository","not_full_read","unaccounted","pending_destination"
"SB-SRC-0377","ForestTiger-GH/stratbox-windows","959e9c4ce1441124af5111c1e025041714e04d3b","src/stratbox_windows/application/cases/__init__.py","0cf74cd552396f6e622a2dbc5a23b4ace00f4bc4","surface_implementation","public_repository","not_full_read","unaccounted","pending_destination"
"SB-SRC-0378","ForestTiger-GH/stratbox-windows","959e9c4ce1441124af5111c1e025041714e04d3b","src/stratbox_windows/application/cases/models.py","b8dbd4cc6e17c5e84d19d2193a00005d35daed81","surface_implementation","public_repository","not_full_read","unaccounted","pending_destination"
"SB-SRC-0379","ForestTiger-GH/stratbox-windows","959e9c4ce1441124af5111c1e025041714e04d3b","src/stratbox_windows/application/cases/store.py","7214e4cd558935e7fe22b7cf9dd02c996cc0a308","surface_implementation","public_repository","not_full_read","unaccounted","pending_destination"
"SB-SRC-0380","ForestTiger-GH/stratbox-windows","959e9c4ce1441124af5111c1e025041714e04d3b","src/stratbox_windows/application/events/__init__.py","615ec13c8cda165de1e43ade901f34cc0085d8b8","surface_implementation","public_repository","not_full_read","unaccounted","pending_destination"
"SB-SRC-0381","ForestTiger-GH/stratbox-windows","959e9c4ce1441124af5111c1e025041714e04d3b","src/stratbox_windows/application/events/models.py","52a56d74648f81e602d05259dc2ef26e59346185","surface_implementation","public_repository","not_full_read","unaccounted","pending_destination"
"SB-SRC-0382","ForestTiger-GH/stratbox-windows","959e9c4ce1441124af5111c1e025041714e04d3b","src/stratbox_windows/application/events/store.py","448eccd2e4fc9c9bc951dac8aded168e01e15919","surface_implementation","public_repository","not_full_read","unaccounted","pending_destination"
"SB-SRC-0383","ForestTiger-GH/stratbox-windows","959e9c4ce1441124af5111c1e025041714e04d3b","src/stratbox_windows/application/history/__init__.py","fe012314b94a17da30f67576cc689b4280569fd7","surface_implementation","public_repository","not_full_read","unaccounted","pending_destination"
"SB-SRC-0384","ForestTiger-GH/stratbox-windows","959e9c4ce1441124af5111c1e025041714e04d3b","src/stratbox_windows/application/history/persistence.py","95a48a89cc9c11e8a3adeedd7cb925d613c8692c","surface_implementation","public_repository","not_full_read","unaccounted","pending_destination"
"SB-SRC-0385","ForestTiger-GH/stratbox-windows","959e9c4ce1441124af5111c1e025041714e04d3b","src/stratbox_windows/application/logs/__init__.py","413f3e65bcb0c1753d158e281598d93b2da41e07","surface_implementation","public_repository","not_full_read","unaccounted","pending_destination"
"SB-SRC-0386","ForestTiger-GH/stratbox-windows","959e9c4ce1441124af5111c1e025041714e04d3b","src/stratbox_windows/application/logs/__pycache__/__init__.cpython-311.pyc","bc870baa8231b4e7a126de6b12c96506f306e5f5","surface_implementation","public_repository","not_full_read","unaccounted","pending_destination"
"SB-SRC-0387","ForestTiger-GH/stratbox-windows","959e9c4ce1441124af5111c1e025041714e04d3b","src/stratbox_windows/application/logs/__pycache__/__init__.cpython-312.pyc","e1ef9c4bbd2055d67b5a87210c74ca6d34b20231","surface_implementation","public_repository","not_full_read","unaccounted","pending_destination"
"SB-SRC-0388","ForestTiger-GH/stratbox-windows","959e9c4ce1441124af5111c1e025041714e04d3b","src/stratbox_windows/application/logs/__pycache__/models.cpython-311.pyc","bca7ac84c0d8d71025e244e8ca1ca077b0e9cacd","surface_implementation","public_repository","not_full_read","unaccounted","pending_destination"
"SB-SRC-0389","ForestTiger-GH/stratbox-windows","959e9c4ce1441124af5111c1e025041714e04d3b","src/stratbox_windows/application/logs/__pycache__/models.cpython-312.pyc","9bb0d281e3e77caab303e81429604df0407f8495","surface_implementation","public_repository","not_full_read","unaccounted","pending_destination"
"SB-SRC-0390","ForestTiger-GH/stratbox-windows","959e9c4ce1441124af5111c1e025041714e04d3b","src/stratbox_windows/application/logs/__pycache__/store.cpython-311.pyc","e6f85a0a3883688b095432a5c7e312f3539005cb","surface_implementation","public_repository","not_full_read","unaccounted","pending_destination"
"SB-SRC-0391","ForestTiger-GH/stratbox-windows","959e9c4ce1441124af5111c1e025041714e04d3b","src/stratbox_windows/application/logs/__pycache__/store.cpython-312.pyc","ab7953e9b00bad24adcffeed68fa245270334419","surface_implementation","public_repository","not_full_read","unaccounted","pending_destination"
"SB-SRC-0392","ForestTiger-GH/stratbox-windows","959e9c4ce1441124af5111c1e025041714e04d3b","src/stratbox_windows/application/logs/__pycache__/tail.cpython-311.pyc","c38b5406ecdaeb77960a4cbd4c0ba572c490221b","surface_implementation","public_repository","not_full_read","unaccounted","pending_destination"
"SB-SRC-0393","ForestTiger-GH/stratbox-windows","959e9c4ce1441124af5111c1e025041714e04d3b","src/stratbox_windows/application/logs/__pycache__/tail.cpython-312.pyc","d6933c6e54db380d02e125c4527d0ab48166cc2e","surface_implementation","public_repository","not_full_read","unaccounted","pending_destination"
"SB-SRC-0394","ForestTiger-GH/stratbox-windows","959e9c4ce1441124af5111c1e025041714e04d3b","src/stratbox_windows/application/logs/models.py","9aee215e6fb34a9c33e6c446c839da22e7d1409d","surface_implementation","public_repository","not_full_read","unaccounted","pending_destination"
"SB-SRC-0395","ForestTiger-GH/stratbox-windows","959e9c4ce1441124af5111c1e025041714e04d3b","src/stratbox_windows/application/logs/store.py","ec2548884e9315135afbfed1e0045d7b470e0878","surface_implementation","public_repository","not_full_read","unaccounted","pending_destination"
"SB-SRC-0396","ForestTiger-GH/stratbox-windows","959e9c4ce1441124af5111c1e025041714e04d3b","src/stratbox_windows/application/logs/tail.py","d9b24fc915d1d1bdb2b234f662951129aedc649a","surface_implementation","public_repository","not_full_read","unaccounted","pending_destination"
"SB-SRC-0397","ForestTiger-GH/stratbox-windows","959e9c4ce1441124af5111c1e025041714e04d3b","src/stratbox_windows/application/operations/__init__.py","e69de29bb2d1d6434b8b29ae775ad8c2e48c5391","surface_implementation","public_repository","not_full_read","unaccounted","pending_destination"
"SB-SRC-0398","ForestTiger-GH/stratbox-windows","959e9c4ce1441124af5111c1e025041714e04d3b","src/stratbox_windows/application/operations/catalog/__init__.py","a0ef063472e1ee6882e50fdbbb5bf84dd6349ef1","surface_implementation","public_repository","not_full_read","unaccounted","pending_destination"
"SB-SRC-0399","ForestTiger-GH/stratbox-windows","959e9c4ce1441124af5111c1e025041714e04d3b","src/stratbox_windows/application/operations/catalog/grouping.py","41aced2b8dc022f603e39287a7ac3116bae75186","surface_implementation","public_repository","not_full_read","unaccounted","pending_destination"
"SB-SRC-0400","ForestTiger-GH/stratbox-windows","959e9c4ce1441124af5111c1e025041714e04d3b","src/stratbox_windows/application/operations/catalog/models.py","5bdad07c19a6a6fb86636109f8ccced1cf1bb2b0","surface_implementation","public_repository","not_full_read","unaccounted","pending_destination"
"SB-SRC-0401","ForestTiger-GH/stratbox-windows","959e9c4ce1441124af5111c1e025041714e04d3b","src/stratbox_windows/application/operations/catalog/registry.py","206355b37cf753ad28f043b43cdb4dd07f94862b","surface_implementation","public_repository","not_full_read","unaccounted","pending_destination"
"SB-SRC-0402","ForestTiger-GH/stratbox-windows","959e9c4ce1441124af5111c1e025041714e04d3b","src/stratbox_windows/application/operations/execution/__init__.py","7a9ec1cc5992538430035316549f37fb5f916add","surface_implementation","public_repository","not_full_read","unaccounted","pending_destination"
"SB-SRC-0403","ForestTiger-GH/stratbox-windows","959e9c4ce1441124af5111c1e025041714e04d3b","src/stratbox_windows/application/operations/execution/artifacts.py","5ca9b3b309eb41da9b27b38634d60188d33645a5","surface_implementation","public_repository","not_full_read","unaccounted","pending_destination"
"SB-SRC-0404","ForestTiger-GH/stratbox-windows","959e9c4ce1441124af5111c1e025041714e04d3b","src/stratbox_windows/application/operations/execution/requests.py","a26184d1f8c503bc587db2de61aa44f9b1608b7c","surface_implementation","public_repository","not_full_read","unaccounted","pending_destination"
"SB-SRC-0405","ForestTiger-GH/stratbox-windows","959e9c4ce1441124af5111c1e025041714e04d3b","src/stratbox_windows/application/operations/execution/result_mapper.py","b181751a4dc473db90e5cd9acabc11e94711dfd2","surface_implementation","public_repository","not_full_read","unaccounted","pending_destination"
"SB-SRC-0406","ForestTiger-GH/stratbox-windows","959e9c4ce1441124af5111c1e025041714e04d3b","src/stratbox_windows/application/operations/execution/run_record.py","3356e8196153bd472e942d462b4f08ba8fca57fa","surface_implementation","public_repository","not_full_read","unaccounted","pending_destination"
"SB-SRC-0407","ForestTiger-GH/stratbox-windows","959e9c4ce1441124af5111c1e025041714e04d3b","src/stratbox_windows/application/operations/execution/runner.py","a01bf8d2aa63c3812e7620f42bd1367431782bd8","surface_implementation","public_repository","not_full_read","unaccounted","pending_destination"
"SB-SRC-0408","ForestTiger-GH/stratbox-windows","959e9c4ce1441124af5111c1e025041714e04d3b","src/stratbox_windows/application/operations/forms/__init__.py","187906b140e080c01d8c898ec4ca45ce0cf83221","surface_implementation","public_repository","not_full_read","unaccounted","pending_destination"
"SB-SRC-0409","ForestTiger-GH/stratbox-windows","959e9c4ce1441124af5111c1e025041714e04d3b","src/stratbox_windows/application/operations/forms/defaults.py","05c3bfd15267d3a6db3f79ca7871e8a1cd0ca646","surface_implementation","public_repository","not_full_read","unaccounted","pending_destination"
"SB-SRC-0410","ForestTiger-GH/stratbox-windows","959e9c4ce1441124af5111c1e025041714e04d3b","src/stratbox_windows/application/operations/forms/models.py","e677819f4c87e5822636110f9579e3b4ed1f347f","surface_implementation","public_repository","not_full_read","unaccounted","pending_destination"
"SB-SRC-0411","ForestTiger-GH/stratbox-windows","959e9c4ce1441124af5111c1e025041714e04d3b","src/stratbox_windows/application/operations/forms/validators.py","f788043d3b456554501da1bbeda325245daecaf4","surface_implementation","public_repository","not_full_read","unaccounted","pending_destination"
"SB-SRC-0412","ForestTiger-GH/stratbox-windows","959e9c4ce1441124af5111c1e025041714e04d3b","src/stratbox_windows/application/operations/handlers/__init__.py","f3534e0ec56b09819bb5ffb6ed1298a4a44159d5","surface_implementation","public_repository","not_full_read","unaccounted","pending_destination"
"SB-SRC-0413","ForestTiger-GH/stratbox-windows","959e9c4ce1441124af5111c1e025041714e04d3b","src/stratbox_windows/application/operations/handlers/cbr_file_collector.py","6a629ea3f4d2d58ecdd0188b67a00dffe4c10fbd","surface_implementation","public_repository","not_full_read","unaccounted","pending_destination"
"SB-SRC-0414","ForestTiger-GH/stratbox-windows","959e9c4ce1441124af5111c1e025041714e04d3b","src/stratbox_windows/application/operations/handlers/diagnostics.py","8c124375ab9db081be8b114191560ccdd33e1103","surface_implementation","public_repository","not_full_read","unaccounted","pending_destination"
"SB-SRC-0415","ForestTiger-GH/stratbox-windows","959e9c4ce1441124af5111c1e025041714e04d3b","src/stratbox_windows/application/operations/handlers/escrow.py","ebbc2ca85a2e1dde0967e32ee06b81369b8ae0d2","surface_implementation","public_repository","not_full_read","unaccounted","pending_destination"
"SB-SRC-0416","ForestTiger-GH/stratbox-windows","959e9c4ce1441124af5111c1e025041714e04d3b","src/stratbox_windows/application/presence/__init__.py","97c457bf272e5f60edec80e4ffc78dc6a7e0ba2f","surface_implementation","public_repository","not_full_read","unaccounted","pending_destination"
"SB-SRC-0417","ForestTiger-GH/stratbox-windows","959e9c4ce1441124af5111c1e025041714e04d3b","src/stratbox_windows/application/presence/models.py","d7675c9d2b36007acd439a3cdeb5d95ae42a2494","surface_implementation","public_repository","not_full_read","unaccounted","pending_destination"
"SB-SRC-0418","ForestTiger-GH/stratbox-windows","959e9c4ce1441124af5111c1e025041714e04d3b","src/stratbox_windows/application/presence/service.py","f9dff0411e3f37c1ea56764a87399a9d3287ff35","surface_implementation","public_repository","not_full_read","unaccounted","pending_destination"
"SB-SRC-0419","ForestTiger-GH/stratbox-windows","959e9c4ce1441124af5111c1e025041714e04d3b","src/stratbox_windows/application/scenarios/__init__.py","e69de29bb2d1d6434b8b29ae775ad8c2e48c5391","surface_implementation","public_repository","not_full_read","unaccounted","pending_destination"
"SB-SRC-0420","ForestTiger-GH/stratbox-windows","959e9c4ce1441124af5111c1e025041714e04d3b","src/stratbox_windows/application/scenarios/history_export.py","c108248b741e00cc19e45bb7ff468318cf2b9c80","surface_implementation","public_repository","not_full_read","unaccounted","pending_destination"
"SB-SRC-0421","ForestTiger-GH/stratbox-windows","959e9c4ce1441124af5111c1e025041714e04d3b","src/stratbox_windows/application/scenarios/models.py","189bccba407caa24c1b243e41955dc22b7f44170","surface_implementation","public_repository","not_full_read","unaccounted","pending_destination"
"SB-SRC-0422","ForestTiger-GH/stratbox-windows","959e9c4ce1441124af5111c1e025041714e04d3b","src/stratbox_windows/application/scenarios/registry.py","d7d0f6c04b0d4cc50e676499721d5b5fb17e8ab8","surface_implementation","public_repository","not_full_read","unaccounted","pending_destination"
"SB-SRC-0423","ForestTiger-GH/stratbox-windows","959e9c4ce1441124af5111c1e025041714e04d3b","src/stratbox_windows/application/scenarios/runner.py","83b69bfb62c37591bcfa2a897ad6bbe920d2395f","surface_implementation","public_repository","not_full_read","unaccounted","pending_destination"
"SB-SRC-0424","ForestTiger-GH/stratbox-windows","959e9c4ce1441124af5111c1e025041714e04d3b","src/stratbox_windows/application/system/__init__.py","775ea09981fee8df17440d65236435ba2269cdb1","surface_implementation","public_repository","not_full_read","unaccounted","pending_destination"
"SB-SRC-0425","ForestTiger-GH/stratbox-windows","959e9c4ce1441124af5111c1e025041714e04d3b","src/stratbox_windows/application/system/commands.py","ce8d0688c89f18551ec073dd80f8a4d7c4b15748","surface_implementation","public_repository","not_full_read","unaccounted","pending_destination"
"SB-SRC-0426","ForestTiger-GH/stratbox-windows","959e9c4ce1441124af5111c1e025041714e04d3b","src/stratbox_windows/application/workspace/__init__.py","bb04af64c7997efb89162ea3d547f96b096c6db3","surface_implementation","public_repository","not_full_read","unaccounted","pending_destination"
"SB-SRC-0427","ForestTiger-GH/stratbox-windows","959e9c4ce1441124af5111c1e025041714e04d3b","src/stratbox_windows/application/workspace/diagnostics.py","65c567cf02f301392d7365868ede9ec0e38f9fdc","surface_implementation","public_repository","not_full_read","unaccounted","pending_destination"
"SB-SRC-0428","ForestTiger-GH/stratbox-windows","959e9c4ce1441124af5111c1e025041714e04d3b","src/stratbox_windows/application/workspace/explorer.py","961f5d5477e1b653405e740f6690d6264cb2581e","surface_implementation","public_repository","not_full_read","unaccounted","pending_destination"
"SB-SRC-0429","ForestTiger-GH/stratbox-windows","959e9c4ce1441124af5111c1e025041714e04d3b","src/stratbox_windows/application/workspace/explorer_models.py","e04537f368dc2acfbfc0264afec2668d613f3084","surface_implementation","public_repository","not_full_read","unaccounted","pending_destination"
"SB-SRC-0430","ForestTiger-GH/stratbox-windows","959e9c4ce1441124af5111c1e025041714e04d3b","src/stratbox_windows/application/workspace/explorer_provider.py","c1ef85981c5006e895846402a51429dabd4e789b","surface_implementation","public_repository","not_full_read","unaccounted","pending_destination"
"SB-SRC-0431","ForestTiger-GH/stratbox-windows","959e9c4ce1441124af5111c1e025041714e04d3b","src/stratbox_windows/application/workspace/explorer_service.py","fccd0e97c33bbe367abd458a5514e7e3542a79a6","surface_implementation","public_repository","not_full_read","unaccounted","pending_destination"
"SB-SRC-0432","ForestTiger-GH/stratbox-windows","959e9c4ce1441124af5111c1e025041714e04d3b","src/stratbox_windows/application/workspace/file_types.py","a265d67a35af9990b2623acc8857cf495ecbbf11","surface_implementation","public_repository","not_full_read","unaccounted","pending_destination"
"SB-SRC-0433","ForestTiger-GH/stratbox-windows","959e9c4ce1441124af5111c1e025041714e04d3b","src/stratbox_windows/application/workspace/filestore.py","28997760e498656d0a46b6f17774d4d76a24566b","surface_implementation","public_repository","not_full_read","unaccounted","pending_destination"
"SB-SRC-0434","ForestTiger-GH/stratbox-windows","959e9c4ce1441124af5111c1e025041714e04d3b","src/stratbox_windows/application/workspace/models.py","f384db6bba41a613be1753d9662fd7f3a69a9101","surface_implementation","public_repository","not_full_read","unaccounted","pending_destination"
"SB-SRC-0435","ForestTiger-GH/stratbox-windows","959e9c4ce1441124af5111c1e025041714e04d3b","src/stratbox_windows/application/workspace/registry.py","7df031d1544937466d8e8698919d12f5fb773213","surface_implementation","public_repository","not_full_read","unaccounted","pending_destination"
"SB-SRC-0436","ForestTiger-GH/stratbox-windows","959e9c4ce1441124af5111c1e025041714e04d3b","src/stratbox_windows/application/workspace/resolver.py","bc984cf4a4aa2f42b9c29cd367dda7fb82aec9a2","surface_implementation","public_repository","not_full_read","unaccounted","pending_destination"
"SB-SRC-0437","ForestTiger-GH/stratbox-windows","959e9c4ce1441124af5111c1e025041714e04d3b","src/stratbox_windows/presentation/__init__.py","e69de29bb2d1d6434b8b29ae775ad8c2e48c5391","surface_implementation","public_repository","not_full_read","unaccounted","pending_destination"
"SB-SRC-0438","ForestTiger-GH/stratbox-windows","959e9c4ce1441124af5111c1e025041714e04d3b","src/stratbox_windows/presentation/common/__init__.py","e69de29bb2d1d6434b8b29ae775ad8c2e48c5391","surface_implementation","public_repository","not_full_read","unaccounted","pending_destination"
"SB-SRC-0439","ForestTiger-GH/stratbox-windows","959e9c4ce1441124af5111c1e025041714e04d3b","src/stratbox_windows/presentation/common/scenario_chat/__init__.py","6d1c70c02860d60296ccbb5fb086f5d92af6d6b8","surface_implementation","public_repository","not_full_read","unaccounted","pending_destination"
"SB-SRC-0440","ForestTiger-GH/stratbox-windows","959e9c4ce1441124af5111c1e025041714e04d3b","src/stratbox_windows/presentation/common/scenario_chat/models.py","b80af63e73ed5f590e6a5564cfff9baaed2666f9","surface_implementation","public_repository","not_full_read","unaccounted","pending_destination"
"SB-SRC-0441","ForestTiger-GH/stratbox-windows","959e9c4ce1441124af5111c1e025041714e04d3b","src/stratbox_windows/presentation/common/scenario_chat/projector.py","6cfe3b0dcdc6aac1afb718da45a64abd4f556e12","surface_implementation","public_repository","not_full_read","unaccounted","pending_destination"
"SB-SRC-0442","ForestTiger-GH/stratbox-windows","959e9c4ce1441124af5111c1e025041714e04d3b","src/stratbox_windows/presentation/qt_desktop/__init__.py","e69de29bb2d1d6434b8b29ae775ad8c2e48c5391","surface_implementation","public_repository","not_full_read","unaccounted","pending_destination"
"SB-SRC-0443","ForestTiger-GH/stratbox-windows","959e9c4ce1441124af5111c1e025041714e04d3b","src/stratbox_windows/presentation/qt_desktop/chat_scene.py","21e207a32f375ab3f841d2dcccdcaa7e0ba2a396","surface_implementation","public_repository","not_full_read","unaccounted","pending_destination"
"SB-SRC-0444","ForestTiger-GH/stratbox-windows","959e9c4ce1441124af5111c1e025041714e04d3b","src/stratbox_windows/presentation/qt_desktop/components/__init__.py","e69de29bb2d1d6434b8b29ae775ad8c2e48c5391","surface_implementation","public_repository","not_full_read","unaccounted","pending_destination"
"SB-SRC-0445","ForestTiger-GH/stratbox-windows","959e9c4ce1441124af5111c1e025041714e04d3b","src/stratbox_windows/presentation/qt_desktop/components/background_strip.py","57dbdca02e4a0cb5d5b2f3118d4dea2af09928fb","surface_implementation","public_repository","not_full_read","unaccounted","pending_destination"
"SB-SRC-0446","ForestTiger-GH/stratbox-windows","959e9c4ce1441124af5111c1e025041714e04d3b","src/stratbox_windows/presentation/qt_desktop/components/scenario_composer.py","bf65c3506a2b817175a1d2099c83b203085bf636","surface_implementation","public_repository","not_full_read","unaccounted","pending_destination"
"SB-SRC-0447","ForestTiger-GH/stratbox-windows","959e9c4ce1441124af5111c1e025041714e04d3b","src/stratbox_windows/presentation/qt_desktop/components/section.py","2eccceba48f6b4b05931de3fbdd361f5edbab359","surface_implementation","public_repository","not_full_read","unaccounted","pending_destination"
"SB-SRC-0448","ForestTiger-GH/stratbox-windows","959e9c4ce1441124af5111c1e025041714e04d3b","src/stratbox_windows/presentation/qt_desktop/components/status_chip.py","ed24007ff50f4de39343066f285700efe905c04d","surface_implementation","public_repository","not_full_read","unaccounted","pending_destination"
"SB-SRC-0449","ForestTiger-GH/stratbox-windows","959e9c4ce1441124af5111c1e025041714e04d3b","src/stratbox_windows/presentation/qt_desktop/components/workspace_mount_header.py","c4591c85d7b2d7404723f5c9e4ca093fede5a9b3","surface_implementation","public_repository","not_full_read","unaccounted","pending_destination"
"SB-SRC-0450","ForestTiger-GH/stratbox-windows","959e9c4ce1441124af5111c1e025041714e04d3b","src/stratbox_windows/presentation/qt_desktop/components/workspace_path_bar.py","e2f4a2f8eab109fd5163a3860c44ec75dc540a5b","surface_implementation","public_repository","not_full_read","unaccounted","pending_destination"
"SB-SRC-0451","ForestTiger-GH/stratbox-windows","959e9c4ce1441124af5111c1e025041714e04d3b","src/stratbox_windows/presentation/qt_desktop/dialogs/__init__.py","29e3d5547e09f799e061ebf3bbb8eb26c354517c","surface_implementation","public_repository","not_full_read","unaccounted","pending_destination"
"SB-SRC-0452","ForestTiger-GH/stratbox-windows","959e9c4ce1441124af5111c1e025041714e04d3b","src/stratbox_windows/presentation/qt_desktop/dialogs/diagnostics_dialog.py","ea2a99100125e9eaabbfc6c2c7fbeaff1fbb8f31","surface_implementation","public_repository","not_full_read","unaccounted","pending_destination"
"SB-SRC-0453","ForestTiger-GH/stratbox-windows","959e9c4ce1441124af5111c1e025041714e04d3b","src/stratbox_windows/presentation/qt_desktop/dialogs/node_dialog.py","945dfdadf20dedbbb9be64048edfbb730a3b2be6","surface_implementation","public_repository","not_full_read","unaccounted","pending_destination"
"SB-SRC-0454","ForestTiger-GH/stratbox-windows","959e9c4ce1441124af5111c1e025041714e04d3b","src/stratbox_windows/presentation/qt_desktop/dialogs/settings_dialog.py","0c8dca974fe8fb1b117700c773057f49ec485063","surface_implementation","public_repository","not_full_read","unaccounted","pending_destination"
"SB-SRC-0455","ForestTiger-GH/stratbox-windows","959e9c4ce1441124af5111c1e025041714e04d3b","src/stratbox_windows/presentation/qt_desktop/forms/__init__.py","bcc9bf4524f93d82bb731222dac184453240710c","surface_implementation","public_repository","not_full_read","unaccounted","pending_destination"
"SB-SRC-0456","ForestTiger-GH/stratbox-windows","959e9c4ce1441124af5111c1e025041714e04d3b","src/stratbox_windows/presentation/qt_desktop/forms/panel.py","a0c69ada5075c0633dc13b67811b719282ddd55a","surface_implementation","public_repository","not_full_read","unaccounted","pending_destination"
"SB-SRC-0457","ForestTiger-GH/stratbox-windows","959e9c4ce1441124af5111c1e025041714e04d3b","src/stratbox_windows/presentation/qt_desktop/forms/widgets.py","e78abd2e94c494b65c674c346c008bb5c6bc2766","surface_implementation","public_repository","not_full_read","unaccounted","pending_destination"
"SB-SRC-0458","ForestTiger-GH/stratbox-windows","959e9c4ce1441124af5111c1e025041714e04d3b","src/stratbox_windows/presentation/qt_desktop/main.py","10325561d9785d9d57887eb71274d01b17969749","surface_implementation","public_repository","not_full_read","unaccounted","pending_destination"
"SB-SRC-0459","ForestTiger-GH/stratbox-windows","959e9c4ce1441124af5111c1e025041714e04d3b","src/stratbox_windows/presentation/qt_desktop/main_window.py","f66b9fe173155bd92480e763c136030faf49ee04","surface_implementation","public_repository","not_full_read","unaccounted","pending_destination"
"SB-SRC-0460","ForestTiger-GH/stratbox-windows","959e9c4ce1441124af5111c1e025041714e04d3b","src/stratbox_windows/presentation/qt_desktop/panels/__init__.py","e69de29bb2d1d6434b8b29ae775ad8c2e48c5391","surface_implementation","public_repository","not_full_read","unaccounted","pending_destination"
"SB-SRC-0461","ForestTiger-GH/stratbox-windows","959e9c4ce1441124af5111c1e025041714e04d3b","src/stratbox_windows/presentation/qt_desktop/panels/artifacts_panel.py","944ae7f57d6582d69bbf4de56430f19bd395cfc2","surface_implementation","public_repository","not_full_read","unaccounted","pending_destination"
"SB-SRC-0462","ForestTiger-GH/stratbox-windows","959e9c4ce1441124af5111c1e025041714e04d3b","src/stratbox_windows/presentation/qt_desktop/panels/assignments_panel.py","ae7ac7b402041a96b3e7e957584d5cf435e5fb44","surface_implementation","public_repository","not_full_read","unaccounted","pending_destination"
"SB-SRC-0463","ForestTiger-GH/stratbox-windows","959e9c4ce1441124af5111c1e025041714e04d3b","src/stratbox_windows/presentation/qt_desktop/panels/atomic_scenarios_panel.py","d179ca08bfbfad901f0cc570cbda85266a6a018e","surface_implementation","public_repository","not_full_read","unaccounted","pending_destination"
"SB-SRC-0464","ForestTiger-GH/stratbox-windows","959e9c4ce1441124af5111c1e025041714e04d3b","src/stratbox_windows/presentation/qt_desktop/panels/background_panel.py","aa72a95b36a2ab24dba425ff45f347ce6e7eda58","surface_implementation","public_repository","not_full_read","unaccounted","pending_destination"
"SB-SRC-0465","ForestTiger-GH/stratbox-windows","959e9c4ce1441124af5111c1e025041714e04d3b","src/stratbox_windows/presentation/qt_desktop/panels/case_panel.py","9c517db9294428c7af3da04491328d597b0e040b","surface_implementation","public_repository","not_full_read","unaccounted","pending_destination"
"SB-SRC-0466","ForestTiger-GH/stratbox-windows","959e9c4ce1441124af5111c1e025041714e04d3b","src/stratbox_windows/presentation/qt_desktop/panels/logs_panel.py","6b72c8261a4868962f6fed7691b1ebe4e065f912","surface_implementation","public_repository","not_full_read","unaccounted","pending_destination"
"SB-SRC-0467","ForestTiger-GH/stratbox-windows","959e9c4ce1441124af5111c1e025041714e04d3b","src/stratbox_windows/presentation/qt_desktop/panels/node_overview_panel.py","379f817325f32eb9c1b29b18e6c4b01d808b92d1","surface_implementation","public_repository","not_full_read","unaccounted","pending_destination"
"SB-SRC-0468","ForestTiger-GH/stratbox-windows","959e9c4ce1441124af5111c1e025041714e04d3b","src/stratbox_windows/presentation/qt_desktop/panels/parameters_panel.py","26624b7d8970dc60c8fb43da849d3b8b236af762","surface_implementation","public_repository","not_full_read","unaccounted","pending_destination"
"SB-SRC-0469","ForestTiger-GH/stratbox-windows","959e9c4ce1441124af5111c1e025041714e04d3b","src/stratbox_windows/presentation/qt_desktop/panels/participants_panel.py","46b8e4f2567c6be34e390b68b1209b89f44ca88a","surface_implementation","public_repository","not_full_read","unaccounted","pending_destination"
"SB-SRC-0470","ForestTiger-GH/stratbox-windows","959e9c4ce1441124af5111c1e025041714e04d3b","src/stratbox_windows/presentation/qt_desktop/panels/scenario_blocks_panel.py","d7a596b2f672a3e8fb9005611ddb82500167cd33","surface_implementation","public_repository","not_full_read","unaccounted","pending_destination"
"SB-SRC-0471","ForestTiger-GH/stratbox-windows","959e9c4ce1441124af5111c1e025041714e04d3b","src/stratbox_windows/presentation/qt_desktop/panels/workspace_panel.py","d3cfb5289a4ff7bb4ef9562432ad353efd963c0c","surface_implementation","public_repository","not_full_read","unaccounted","pending_destination"
"SB-SRC-0472","ForestTiger-GH/stratbox-windows","959e9c4ce1441124af5111c1e025041714e04d3b","src/stratbox_windows/presentation/qt_desktop/run_coordinator.py","b98d249fac6b715544d1caede3434e98c82e430e","surface_implementation","public_repository","not_full_read","unaccounted","pending_destination"
"SB-SRC-0473","ForestTiger-GH/stratbox-windows","959e9c4ce1441124af5111c1e025041714e04d3b","src/stratbox_windows/presentation/qt_desktop/scenario_chat/__init__.py","e70ae3a533a40f0b1aa6fe545465da4d7e888031","surface_implementation","public_repository","not_full_read","unaccounted","pending_destination"
"SB-SRC-0474","ForestTiger-GH/stratbox-windows","959e9c4ce1441124af5111c1e025041714e04d3b","src/stratbox_windows/presentation/qt_desktop/scenario_chat/widgets.py","33c9d3eeba03e8398f0fdb66f3eaef2ddb3cc9c1","surface_implementation","public_repository","not_full_read","unaccounted","pending_destination"
"SB-SRC-0475","ForestTiger-GH/stratbox-windows","959e9c4ce1441124af5111c1e025041714e04d3b","src/stratbox_windows/presentation/qt_desktop/scenario_coordinator.py","59676f41df8567e1bc7ca3ce1c0f137d6e31ae88","surface_implementation","public_repository","not_full_read","unaccounted","pending_destination"
"SB-SRC-0476","ForestTiger-GH/stratbox-windows","959e9c4ce1441124af5111c1e025041714e04d3b","src/stratbox_windows/presentation/qt_desktop/shell/__init__.py","e69de29bb2d1d6434b8b29ae775ad8c2e48c5391","surface_implementation","public_repository","not_full_read","unaccounted","pending_destination"
"SB-SRC-0477","ForestTiger-GH/stratbox-windows","959e9c4ce1441124af5111c1e025041714e04d3b","src/stratbox_windows/presentation/qt_desktop/shell/body.py","ed3e8fdc8e960ea8e925ffc669e68a5c65966c32","surface_implementation","public_repository","not_full_read","unaccounted","pending_destination"
"SB-SRC-0478","ForestTiger-GH/stratbox-windows","959e9c4ce1441124af5111c1e025041714e04d3b","src/stratbox_windows/presentation/qt_desktop/shell/center_panel.py","73fd1599018fa482f4cb6f0dfaa6746bfa9355af","surface_implementation","public_repository","not_full_read","unaccounted","pending_destination"
"SB-SRC-0479","ForestTiger-GH/stratbox-windows","959e9c4ce1441124af5111c1e025041714e04d3b","src/stratbox_windows/presentation/qt_desktop/shell/left_panel.py","489eb7a8c347f78e9fb7ecf14242ee035eabedcb","surface_implementation","public_repository","not_full_read","unaccounted","pending_destination"
"SB-SRC-0480","ForestTiger-GH/stratbox-windows","959e9c4ce1441124af5111c1e025041714e04d3b","src/stratbox_windows/presentation/qt_desktop/shell/main_window.py","978d3193397fd3d512bd1f4d3a7b842586539862","surface_implementation","public_repository","not_full_read","unaccounted","pending_destination"
"SB-SRC-0481","ForestTiger-GH/stratbox-windows","959e9c4ce1441124af5111c1e025041714e04d3b","src/stratbox_windows/presentation/qt_desktop/shell/mode_rail.py","4a955fc5a7e9d302f20e3224bc023462a12f5993","surface_implementation","public_repository","not_full_read","unaccounted","pending_destination"
"SB-SRC-0482","ForestTiger-GH/stratbox-windows","959e9c4ce1441124af5111c1e025041714e04d3b","src/stratbox_windows/presentation/qt_desktop/shell/right_drawer.py","223ed452c2d92750862c203777421328b9efd3bc","surface_implementation","public_repository","not_full_read","unaccounted","pending_destination"
"SB-SRC-0483","ForestTiger-GH/stratbox-windows","959e9c4ce1441124af5111c1e025041714e04d3b","src/stratbox_windows/presentation/qt_desktop/shell/top_bar.py","9f0ea4d827caab13038f12ffc67efc058fe1f3f6","surface_implementation","public_repository","not_full_read","unaccounted","pending_destination"
"SB-SRC-0484","ForestTiger-GH/stratbox-windows","959e9c4ce1441124af5111c1e025041714e04d3b","src/stratbox_windows/presentation/qt_desktop/theme/__init__.py","1eac487841ab9d2d6864d7bf31b3653c31960cc0","surface_implementation","public_repository","not_full_read","unaccounted","pending_destination"
"SB-SRC-0485","ForestTiger-GH/stratbox-windows","959e9c4ce1441124af5111c1e025041714e04d3b","src/stratbox_windows/presentation/qt_desktop/theme/strategy_palette.py","c414c20bf7fca70a14614443d71f573b7cd2c12c","surface_implementation","public_repository","not_full_read","unaccounted","pending_destination"
"SB-SRC-0486","ForestTiger-GH/stratbox-windows","959e9c4ce1441124af5111c1e025041714e04d3b","src/stratbox_windows/presentation/qt_desktop/workers.py","8265a49dc268c307d5b453f2da287ab587c9500c","surface_implementation","public_repository","not_full_read","unaccounted","pending_destination"
"SB-SRC-0487","ForestTiger-GH/stratbox-windows","959e9c4ce1441124af5111c1e025041714e04d3b","src/stratbox_windows/presentation/qt_desktop/workspace/__init__.py","4d21ee85079b459c963860992e1a095376f9d96d","surface_implementation","public_repository","not_full_read","unaccounted","pending_destination"
"SB-SRC-0488","ForestTiger-GH/stratbox-windows","959e9c4ce1441124af5111c1e025041714e04d3b","src/stratbox_windows/presentation/qt_desktop/workspace/explorer_table_model.py","69f84e75421435490238c0f0b74c2a3121b3db22","surface_implementation","public_repository","not_full_read","unaccounted","pending_destination"
"SB-SRC-0489","ForestTiger-GH/stratbox-windows","959e9c4ce1441124af5111c1e025041714e04d3b","src/stratbox_windows/resources/icons/files/archive.svg","e87f86ef61ab7d06cd55c71d17904a1bdcf4e06b","surface_implementation","public_repository","not_full_read","unaccounted","pending_destination"
"SB-SRC-0490","ForestTiger-GH/stratbox-windows","959e9c4ce1441124af5111c1e025041714e04d3b","src/stratbox_windows/resources/icons/files/csv.svg","e4da136926b7edaf5cde57cb716fd163e79ce115","surface_implementation","public_repository","not_full_read","unaccounted","pending_destination"
"SB-SRC-0491","ForestTiger-GH/stratbox-windows","959e9c4ce1441124af5111c1e025041714e04d3b","src/stratbox_windows/resources/icons/files/excel.svg","84264f0d1bc28059144e38d18115832a00945087","surface_implementation","public_repository","not_full_read","unaccounted","pending_destination"
"SB-SRC-0492","ForestTiger-GH/stratbox-windows","959e9c4ce1441124af5111c1e025041714e04d3b","src/stratbox_windows/resources/icons/files/file.svg","510baf68ae786690f77f31de835f8d07aedbb1d4","surface_implementation","public_repository","not_full_read","unaccounted","pending_destination"
"SB-SRC-0493","ForestTiger-GH/stratbox-windows","959e9c4ce1441124af5111c1e025041714e04d3b","src/stratbox_windows/resources/icons/files/folder.svg","fffa668b9fd50b2fe466cb76eca679c6965678ed","surface_implementation","public_repository","not_full_read","unaccounted","pending_destination"
"SB-SRC-0494","ForestTiger-GH/stratbox-windows","959e9c4ce1441124af5111c1e025041714e04d3b","src/stratbox_windows/resources/icons/files/image.svg","ec578450b52b28624c08656aa256ff24705cc806","surface_implementation","public_repository","not_full_read","unaccounted","pending_destination"
"SB-SRC-0495","ForestTiger-GH/stratbox-windows","959e9c4ce1441124af5111c1e025041714e04d3b","src/stratbox_windows/resources/icons/files/json.svg","a2e1ca87045d584f9cb3760292f42d336b6214a2","surface_implementation","public_repository","not_full_read","unaccounted","pending_destination"
"SB-SRC-0496","ForestTiger-GH/stratbox-windows","959e9c4ce1441124af5111c1e025041714e04d3b","src/stratbox_windows/resources/icons/files/pdf.svg","efb809881f500007bb05b54222a1db61fc35a056","surface_implementation","public_repository","not_full_read","unaccounted","pending_destination"
"SB-SRC-0497","ForestTiger-GH/stratbox-windows","959e9c4ce1441124af5111c1e025041714e04d3b","src/stratbox_windows/resources/icons/files/text.svg","ec5fa268e03fb78c1786984b32aaa80313987223","surface_implementation","public_repository","not_full_read","unaccounted","pending_destination"
"SB-SRC-0498","ForestTiger-GH/stratbox-windows","959e9c4ce1441124af5111c1e025041714e04d3b","src/stratbox_windows/resources/icons/modes/assignments.svg","934bb059f1eae1d4f5a466610e95de012e09921f","surface_implementation","public_repository","not_full_read","unaccounted","pending_destination"
"SB-SRC-0499","ForestTiger-GH/stratbox-windows","959e9c4ce1441124af5111c1e025041714e04d3b","src/stratbox_windows/resources/icons/modes/assignments_active.svg","d037ab58fd8269ed1d079e5e699a2a96d81eef5a","surface_implementation","public_repository","not_full_read","unaccounted","pending_destination"
"SB-SRC-0500","ForestTiger-GH/stratbox-windows","959e9c4ce1441124af5111c1e025041714e04d3b","src/stratbox_windows/resources/icons/modes/background.svg","6688a32669a1d0260ff8a9810b2fa1b9eed04c76","surface_implementation","public_repository","not_full_read","unaccounted","pending_destination"
"SB-SRC-0501","ForestTiger-GH/stratbox-windows","959e9c4ce1441124af5111c1e025041714e04d3b","src/stratbox_windows/resources/icons/modes/background_active.svg","5d0d706e865cf404180bd3477494e00fe5b970e7","surface_implementation","public_repository","not_full_read","unaccounted","pending_destination"
"SB-SRC-0502","ForestTiger-GH/stratbox-windows","959e9c4ce1441124af5111c1e025041714e04d3b","src/stratbox_windows/resources/icons/modes/cascades.svg","97b1781b4ada789e7cd95dba8662fe3a918ddae9","surface_implementation","public_repository","not_full_read","unaccounted","pending_destination"
"SB-SRC-0503","ForestTiger-GH/stratbox-windows","959e9c4ce1441124af5111c1e025041714e04d3b","src/stratbox_windows/resources/icons/modes/cascades_active.svg","1c50ec53e5fedfcc82cf0c3a6f835f0a3b4a81e2","surface_implementation","public_repository","not_full_read","unaccounted","pending_destination"
"SB-SRC-0504","ForestTiger-GH/stratbox-windows","959e9c4ce1441124af5111c1e025041714e04d3b","src/stratbox_windows/resources/icons/modes/people.svg","379f6b485867e65e4fb37c6e7fac92a101187b8c","surface_implementation","public_repository","not_full_read","unaccounted","pending_destination"
"SB-SRC-0505","ForestTiger-GH/stratbox-windows","959e9c4ce1441124af5111c1e025041714e04d3b","src/stratbox_windows/resources/icons/modes/people_active.svg","8eec9970579fa724fa0b743c0b98d4f0290c9769","surface_implementation","public_repository","not_full_read","unaccounted","pending_destination"
"SB-SRC-0506","ForestTiger-GH/stratbox-windows","959e9c4ce1441124af5111c1e025041714e04d3b","src/stratbox_windows/resources/icons/modes/scenarios.svg","debfff8c66baf76348e36eaffdb6aa75b6dad202","surface_implementation","public_repository","not_full_read","unaccounted","pending_destination"
"SB-SRC-0507","ForestTiger-GH/stratbox-windows","959e9c4ce1441124af5111c1e025041714e04d3b","src/stratbox_windows/resources/icons/modes/scenarios_active.svg","b53d02ee0db309a012babbaae2669d451c2ea9e4","surface_implementation","public_repository","not_full_read","unaccounted","pending_destination"
"SB-SRC-0508","ForestTiger-GH/stratbox-windows","959e9c4ce1441124af5111c1e025041714e04d3b","src/stratbox_windows/resources/icons/modes/workspace.svg","01c009cd89e6dd32a397f5d9845db00d41139fef","surface_implementation","public_repository","not_full_read","unaccounted","pending_destination"
"SB-SRC-0509","ForestTiger-GH/stratbox-windows","959e9c4ce1441124af5111c1e025041714e04d3b","src/stratbox_windows/resources/icons/modes/workspace_active.svg","f1434bb6f338e21a2b116540cef62c6ddbc916d1","surface_implementation","public_repository","not_full_read","unaccounted","pending_destination"
"SB-SRC-0510","ForestTiger-GH/stratbox-windows","959e9c4ce1441124af5111c1e025041714e04d3b","src/stratbox_windows/resources/icons/workspace/appdock_drive.svg","6a66f9397640cf30de580ceb1e2f865a75ec9f2b","surface_implementation","public_repository","not_full_read","unaccounted","pending_destination"
"SB-SRC-0511","ForestTiger-GH/stratbox-windows","959e9c4ce1441124af5111c1e025041714e04d3b","src/stratbox_windows/resources/icons/workspace/network_drive.svg","0334e419c5ef0cfa0a4fbaa5629daf631d05e710","surface_implementation","public_repository","not_full_read","unaccounted","pending_destination"
"SB-SRC-0512","ForestTiger-GH/stratbox-windows","959e9c4ce1441124af5111c1e025041714e04d3b","src/stratbox_windows/resources/images/README.md","748f2eb9380b4a48de39ef28328216cba615d3cc","surface_implementation","public_repository","not_full_read","unaccounted","pending_destination"
"SB-SRC-0513","ForestTiger-GH/stratbox-windows","959e9c4ce1441124af5111c1e025041714e04d3b","src/stratbox_windows/resources/images/chat_history_background.png","f1ca13ae0473dccc376322ede8d13f88412b610c","surface_implementation","public_repository","not_full_read","unaccounted","pending_destination"
"SB-SRC-0514","ForestTiger-GH/stratbox-windows","959e9c4ce1441124af5111c1e025041714e04d3b","src/stratbox_windows/resources/styles/app.qss","7db0561232bd479fd97b47a1baf0ab346f50b96f","surface_implementation","public_repository","not_full_read","unaccounted","pending_destination"
"SB-SRC-0515","ForestTiger-GH/stratbox-windows","959e9c4ce1441124af5111c1e025041714e04d3b","src/stratbox_windows/resources/workspace/default_workspaces.json","4088d0681be51275e1f4cf0cec173cdccdb8600a","surface_implementation","public_repository","not_full_read","unaccounted","pending_destination"
"SB-SRC-0516","ForestTiger-GH/stratbox-windows","959e9c4ce1441124af5111c1e025041714e04d3b","src/stratbox_windows/runtime/__init__.py","2ea27816630836575a0959648ae60a71b5315a47","surface_implementation","public_repository","not_full_read","unaccounted","pending_destination"
"SB-SRC-0517","ForestTiger-GH/stratbox-windows","959e9c4ce1441124af5111c1e025041714e04d3b","src/stratbox_windows/runtime/app_surface_state.py","62f75ad5186ce0946f8ae7f593246fb9c6f0d157","surface_implementation","public_repository","not_full_read","unaccounted","pending_destination"
"SB-SRC-0518","ForestTiger-GH/stratbox-windows","959e9c4ce1441124af5111c1e025041714e04d3b","src/stratbox_windows/runtime/bootstrap.py","689ab36f0f7c4ec7cc63047a5dbefd773d60fea2","surface_implementation","public_repository","not_full_read","unaccounted","pending_destination"
"SB-SRC-0519","ForestTiger-GH/stratbox-windows","959e9c4ce1441124af5111c1e025041714e04d3b","src/stratbox_windows/runtime/config.py","2cce3c1c0927455f88042b735ccb584c1d6270bb","surface_implementation","public_repository","not_full_read","unaccounted","pending_destination"
"SB-SRC-0520","ForestTiger-GH/stratbox-windows","959e9c4ce1441124af5111c1e025041714e04d3b","src/stratbox_windows/runtime/context.py","913bc15ef9b3f61d46cae4995b5a2d2a4ef7ff29","surface_implementation","public_repository","not_full_read","unaccounted","pending_destination"
"SB-SRC-0521","ForestTiger-GH/stratbox-windows","959e9c4ce1441124af5111c1e025041714e04d3b","src/stratbox_windows/runtime/errors.py","afca5d65b088ca11f5f689f158be2b0f9da066ee","surface_implementation","public_repository","not_full_read","unaccounted","pending_destination"
"SB-SRC-0522","ForestTiger-GH/stratbox-windows","959e9c4ce1441124af5111c1e025041714e04d3b","src/stratbox_windows/runtime/logging.py","f1bec8ee2c2b20a31daef5d1f3c44a871da31ff3","surface_implementation","public_repository","not_full_read","unaccounted","pending_destination"
"SB-SRC-0523","ForestTiger-GH/stratbox-windows","959e9c4ce1441124af5111c1e025041714e04d3b","src/stratbox_windows/runtime/paths.py","843aabc6aa1a8bb40f1180ac6138573b64d9fe5c","surface_implementation","public_repository","not_full_read","unaccounted","pending_destination"
"SB-SRC-0524","ForestTiger-GH/stratbox-windows","959e9c4ce1441124af5111c1e025041714e04d3b","src/stratbox_windows/runtime/session_runtime.py","1611da43bc5c00b02db0b9143355e1c84e43251a","surface_implementation","public_repository","not_full_read","unaccounted","pending_destination"
"SB-SRC-0525","ForestTiger-GH/stratbox-windows","959e9c4ce1441124af5111c1e025041714e04d3b","src/stratbox_windows/runtime/user_preferences.py","41d3c41bd8ce46312c589b933520110d6a374b7b","surface_implementation","public_repository","not_full_read","unaccounted","pending_destination"
"SB-SRC-0526","ForestTiger-GH/stratbox-windows","959e9c4ce1441124af5111c1e025041714e04d3b","src/stratbox_windows/runtime/version.py","77f9134941b0ea700aba7e8547bc11868e3b168c","surface_implementation","public_repository","not_full_read","unaccounted","pending_destination"
"SB-SRC-0527","ForestTiger-GH/stratbox-windows","959e9c4ce1441124af5111c1e025041714e04d3b","tests/conftest.py","338a44652125fbc658bd098d16b776e7af0e02be","surface_test","public_repository","not_full_read","unaccounted","pending_destination"
"SB-SRC-0528","ForestTiger-GH/stratbox-windows","959e9c4ce1441124af5111c1e025041714e04d3b","tests/contracts/test_appdock_entry.py","506e8a3218aaab250694d0e4959a88e4e3fd3e0e","surface_test","public_repository","not_full_read","unaccounted","pending_destination"
"SB-SRC-0529","ForestTiger-GH/stratbox-windows","959e9c4ce1441124af5111c1e025041714e04d3b","tests/contracts/test_runtime_contracts.py","51bbdb1df2d21789b6ba916da8cdc88bb4ed9b9c","surface_test","public_repository","not_full_read","unaccounted","pending_destination"
"SB-SRC-0530","ForestTiger-GH/stratbox-windows","959e9c4ce1441124af5111c1e025041714e04d3b","tests/smoke/test_external_core_dependency.py","430b7e977b84cbec2d58e110c27f6947606e1fa6","surface_test","public_repository","not_full_read","unaccounted","pending_destination"
"SB-SRC-0531","ForestTiger-GH/stratbox-windows","959e9c4ce1441124af5111c1e025041714e04d3b","tests/smoke/test_repository_contract.py","08179671caf2ae9051f0cf33c3f9ba51c7685890","surface_test","public_repository","not_full_read","unaccounted","pending_destination"
"SB-SRC-0532","ForestTiger-GH/stratbox-windows","959e9c4ce1441124af5111c1e025041714e04d3b","tests/unit/test_paths.py","7bf20f0bc69ba83b238cde22c6a4bc2ef4e80ab5","surface_test","public_repository","not_full_read","unaccounted","pending_destination"
"SB-SRC-0533","ForestTiger-GH/stratbox-windows","959e9c4ce1441124af5111c1e025041714e04d3b","tests/unit/test_scenario_chat_projector.py","78cfd7a741f60c63a90fb960f71ed8463b92d401","surface_test","public_repository","not_full_read","unaccounted","pending_destination"
"SB-SRC-0534","ForestTiger-GH/stratbox-windows","959e9c4ce1441124af5111c1e025041714e04d3b","tests/unit/test_workspace_explorer_service.py","a377bf146bc1cd634411f25783487564b24ab5e3","surface_test","public_repository","not_full_read","unaccounted","pending_destination"
"SB-SRC-0535","ForestTiger-GH/stratbox-windows","959e9c4ce1441124af5111c1e025041714e04d3b","tests/unit/test_workspace_registry.py","5e8570ae0f6e835428b710d75d179c0e727b4d9e","surface_test","public_repository","not_full_read","unaccounted","pending_destination"
"SB-SRC-0536","ForestTiger-GH/stratbox-windows","959e9c4ce1441124af5111c1e025041714e04d3b","tests/unit/test_workspace_resolver.py","3e3ad43f42451ef9c6b58b525f1ba21c2e8dab59","surface_test","public_repository","not_full_read","unaccounted","pending_destination"
"SB-SRC-0537","ForestTiger-GH/AppDock","a4d87c643e620e54e04083d4d0b8d867513e7065","AGENTS.md","30900dcc70e52db4e5681d3597030572ace5c0c5","external_platform_contract","public_repository","not_full_read","unaccounted","pending_destination"
"SB-SRC-0538","ForestTiger-GH/AppDock","a4d87c643e620e54e04083d4d0b8d867513e7065","README.md","20a252abf7d9d42991691d5ac6f84cb5466466aa","external_platform_contract","public_repository","not_full_read","unaccounted","pending_destination"
"SB-SRC-0539","ForestTiger-GH/AppDock","a4d87c643e620e54e04083d4d0b8d867513e7065","docs/architecture/manifest_authority.md","0542f5498fc286a6cfc926c271aea0695cbbc832","external_platform_contract","public_repository","not_full_read","unaccounted","pending_destination"
"SB-SRC-0540","ForestTiger-GH/AppDock","a4d87c643e620e54e04083d4d0b8d867513e7065","docs/architecture/observability/IMPLEMENTATION_STATUS.md","b42e69bb70e051fd49be6c6c38cca7c825923962","external_platform_contract","public_repository","not_full_read","unaccounted","pending_destination"
"SB-SRC-0541","ForestTiger-GH/AppDock","a4d87c643e620e54e04083d4d0b8d867513e7065","docs/architecture/observability/README.md","6c7cb89940907f4b4b65e86981b25dd503ccbe02","external_platform_contract","public_repository","not_full_read","unaccounted","pending_destination"
"SB-SRC-0542","ForestTiger-GH/AppDock","a4d87c643e620e54e04083d4d0b8d867513e7065","docs/architecture/observability/TARGET_MODEL.md","b7c197cb62273ef46eb9fb1596fea979a6661eb1","external_platform_contract","public_repository","not_full_read","unaccounted","pending_destination"
"SB-SRC-0543","ForestTiger-GH/AppDock","a4d87c643e620e54e04083d4d0b8d867513e7065","knowledge/contracts/activation_context.yaml","0783d2d02573367eff5d124ff6f3cbf71729f6bc","external_platform_contract","public_repository","not_full_read","unaccounted","pending_destination"
"SB-SRC-0544","ForestTiger-GH/AppDock","a4d87c643e620e54e04083d4d0b8d867513e7065","knowledge/contracts/connector_manifest.yaml","b019b7a0b1f1fc29db62b1e9d0a6afd121e3f18c","external_platform_contract","public_repository","not_full_read","unaccounted","pending_destination"
"SB-SRC-0545","ForestTiger-GH/AppDock","a4d87c643e620e54e04083d4d0b8d867513e7065","knowledge/contracts/runtime_interaction.yaml","a5f2d008bfac2657607aaaace7647acb856d47e8","external_platform_contract","public_repository","not_full_read","unaccounted","pending_destination"
"SB-SRC-0546","ForestTiger-GH/AppDock","a4d87c643e620e54e04083d4d0b8d867513e7065","knowledge/contracts/runtime_state.yaml","5c1ec7e782e2f0c73087ed71efe660227b3f4128","external_platform_contract","public_repository","not_full_read","unaccounted","pending_destination"
"SB-SRC-0547","ForestTiger-GH/AppDock","a4d87c643e620e54e04083d4d0b8d867513e7065","knowledge/contracts/surface_activation.yaml","ffb73d891205412c9a94ded0c0a6ceeef8897459","external_platform_contract","public_repository","not_full_read","unaccounted","pending_destination"
"SB-SRC-0548","ForestTiger-GH/AppDock","a4d87c643e620e54e04083d4d0b8d867513e7065","specs/conformance/world/connector_manifest.md","c5a8924d1753ae1aecdcdba06bdae27918c147d1","external_platform_contract","public_repository","not_full_read","unaccounted","pending_destination"
"SB-SRC-0549","ForestTiger-GH/AppDock","a4d87c643e620e54e04083d4d0b8d867513e7065","specs/schemas/world/connector_manifest.schema.json","a86829a6a9af0be96d74e0b9e5782c5da35f3486","external_platform_contract","public_repository","not_full_read","unaccounted","pending_destination"
"SB-SRC-0550","ForestTiger-GH/AppDock","a4d87c643e620e54e04083d4d0b8d867513e7065","src/appdock/contracts/activation/surface_activation.py","cc9764913533aa90dab45e7ec902ae214b518ae1","external_platform_contract","public_repository","not_full_read","unaccounted","pending_destination"
"SB-SRC-0551","ForestTiger-GH/AppDock","a4d87c643e620e54e04083d4d0b8d867513e7065","src/appdock/contracts/runtime/activation_context.py","e98da204840b33d717ff28f87965fcf85379de4c","external_platform_contract","public_repository","not_full_read","unaccounted","pending_destination"
"SB-SRC-0552","ForestTiger-GH/AppDock","a4d87c643e620e54e04083d4d0b8d867513e7065","src/appdock/contracts/runtime/runtime_interaction.py","a43a49654963362ba55854ce352952732f8bdf11","external_platform_contract","public_repository","not_full_read","unaccounted","pending_destination"
"SB-SRC-0553","ForestTiger-GH/AppDock","a4d87c643e620e54e04083d4d0b8d867513e7065","src/appdock/contracts/runtime/runtime_state.py","989230726316f40b171cb1f4b22e6994489b5eab","external_platform_contract","public_repository","not_full_read","unaccounted","pending_destination"
